"","BINTANG 7 CYC NONPOTS","","BS","","","","","","","","","","","BINTANG 7 CYC NONPOTS DGS PRITI","","","","","","","","","","","","","","","","","","","","","","","","","","","","","","","","","","","","","","","","","","","","","","","","","","","","","","","","","","","","","","","","","","","","","","","","","","","","","","","","","","","","","","","","","","","","","","","","","","","","","","","","","","","","","","","","","","","","","","","","","","","","","","","","","","","","","","","","","","","","","","","","","","","","","","","","","","","","","","","","","","","","","","","",""
"","","","","","99%","","","","","","","","","","","","","99%","","","","","","","WITEL","","","","","","","","","","SEGMEN","WITEL","","","","","","","","","","","","","HASIL VISIT ADMIN PAYCOL","","","","","","","","","","","","","","","","","","","","","","","","","","","","","","","","","","","","","","","","","","","","","Laporan Bulanan C3MR Periode 202507","","","","","","","","","","","","","","","","","","","","","","","","","","","","","","","","","","","","","","","","","","","","","","","","","","","","","","","","","","","","","","","","","","","","","","","","","","","","","","","","","","","","","","","",""
"","WITEL","","","","","","","","","","","","","WITEL","","","","","","","","","","","","","","","","","","","","","","","","","","","","","","","","","% C3MR BPC II","","Posisi recording terakhir data TREMS : ","","06/03/2026","","","","","","","","","","","","","","","","","","","","","","","","","","","","","","","","","","","","","","","","","","","WITEL","BILL CATEGORY","","","","","","","","","","","","","","","","Performansi ","Performansi Hasil Visit","2025","","","","","","","","","","","","","","","","","","Performansi Hasil Visit","","","","","","","","","","","","","","","","","","","","","","","","","","","","","","","","","","","","","","","","","","","","","","","","","","",""
"","JAKARTA INNER","8,420,964,692","13,841,453,109","164.37%","166.03%","  (5,420,488,417)","  - ","","1","","","","","JAKARTA INNER","216.49","209.76","96.89%","97.87%","  6.73 ","  4,565,012,303 ","","2","","","JAKARTA INNER","43.07","14.20","32.97%","28.87","113.97","91.33","80.13%","22.64","","RBS","JAKARTA INNER","8.42","13.84","164.37%","-5.42","3.57","1.27","35.66%","2.30","","6","14/69%","","PETUGAS VISIT","HASIL VISIT","SSLVISIT","","","","","","","","","","","","","","","","","Category","","","","","","","Jul","Aug","Sep","Oct","Nov","Dec","","","","","","","","","","","","","","","","","","","","","","","","","","","","","","","","AR","TELDA","","","","","","","","","","","","DEC","GRAFIK RR","","","","","AR","","","","","","","","","","OCT","NOV","DEC","GRAFIK RR","","","","","","","","","","","","","","","","","","","","","","","","","","","","","","","","","","","","","",""
"","JAKARTA CENTRUM","22,307,709,554","26,206,841,737","117.48%","118.67%","  (3,899,132,183)","  - ","","3","","","","","JAKARTA CENTRUM","298.48","282.82","94.75%","95.71%","  15.66 ","  12,678,252,906 ","","3","","","JAKARTA CENTRUM","65.75","26.52","40.33%","39.23","134.59","109.92","81.67%","24.67","","","JAKARTA CENTRUM","22.31","26.21","117.48%","-3.90","6.55","2.49","37.98%","4.06","","7","18/65%","","","","0","0","0","0","0","","","","","","","","","","","","","CYC","100.00%","97.33%","95.36%","94.30%","93.29%","95.69%","97.32%","97.53%","98.51%","98.13%","98.42%","99.49%","","","","","","","","","","","","","","914 - Priangan Timur","Eksisting","34,328","12,694,042,018","12,444,417,668","98.03%","2,829,868","0.02%","33,660","12,447,247,536","98.05%","98.06%","684","246,794,482","","","","","AHMAD","GRU","","","6","3","7","3","8","","","","","","","Visit","","","","AHMAD","","","6","3","7","3","8","","","","","","","","","","","","","","","","","","","","","","","","","","","","","","","","","","","","","","","","","","","",""
"","JAKARTA OUTER","32,755,751,181","35,730,206,090","109.08%","110.18%","  (2,974,454,909)","  - ","","4","","","","","JAKARTA OUTER","507.44","477.19","94.04%","94.99%","  30.25 ","  25,178,410,954 ","","4","","","JAKARTA OUTER","85.40","36.68","42.95%","48.72","157.69","126.84","80.44%","30.85","","","JAKARTA OUTER","32.76","35.73","109.08%","-2.97","9.61","3.92","40.81%","5.69","","8","22/40%","","","","6","30,000","0","0","30,000","","","","","","","","","","","","","C3MR","","","","","","","","","","","","","","","","","","","","","","","","","","","PRANPC","987","277,475,973","91,334,644","32.92%","1,744,263","0.63%","372","93,078,907","37.69%","33.54%","617","184,397,066","","","","","","","","","1","1","2","2","1","","","","","","","Paid","","","","","","","1","1","2","2","1","","","","","","","Paid","","","","","","","","","","","","","","","","","","","","","","","","","","","","","","","","","","","","",""
"","BANTEN","20,136,773,588","26,913,506,651","133.65%","135.00%","  (6,776,733,063)","  - ","","2","","","","","BANTEN","123.55","105.35","85.27%","86.13%","  18.20 ","  16,968,837,242 ","","5","","","BANTEN","28.99","27.43","94.62%","1.56","147.94","124.37","84.07%","23.57","","","BANTEN","20.14","26.91","133.65%","-6.78","7.71","3.44","44.58%","4.27","","9","25/72%",""," Total","","6","30,000","0","0","30,000","","","","","","","","","","","","","PRANPC","","","","","","","","","","","","","","","","","","","","","","","","","","","PSB","541","125,195,211","125,195,211","100.00%","0","0.00%","541","125,195,211","100.00%","100.00%","0","0","","","","","ANDRI","GRU","","","3","0","0","0","0","","","","","","","","","","","ANDRI","","","3","0","0","0","0","","","","","","","","","","","","","","","","","","","","","","","","","","","","","","","","","","","","","","","","","","","",""
"","PRIANGAN BARAT","18,196,068,116","19,321,421,266","106.18%","107.26%","  (1,125,353,150)","  - ","","5","","","","","PRIANGAN BARAT","1.90","1.62","85.07%","85.93%","  0.28 ","  264,822,769 ","","6","","","PRIANGAN BARAT","21.11","19.45","92.14%","1.66","118.44","101.44","85.65%","17.00","","","PRIANGAN BARAT","18.20","19.32","106.18%","-1.13","5.19","2.47","47.52%","2.73","","10","28/46%","","","","0","10,000","0","0","10,000","","","","","","","","","","","","","WINBACK","","","","","","","","","","","","","","","","","","","","","","","","","","","WINBACK","91","6,926,043","5,353,690","77.30%","0","0.00%","74","5,353,690","81.32%","77.30%","18","1,572,353","","","","","","","","","0","0","0","0","0","","","","","","","","","","","","","","0","0","0","0","0","","","","","","","","","","","","","","","","","","","","","","","","","","","","","","","","","","","","","","","","","","","",""
"","BEKASI KARAWANG","25,066,156,099","25,375,746,284","101.24%","102.26%","  (309,590,185)","  - ","","6","","","","","BEKASI KARAWANG","7.66","3.52","45.90%","46.36%","  4.15 ","  4,068,802,051 ","","8","","","BEKASI KARAWANG","63.41","26.96","42.51%","36.46","110.53","95.14","86.07%","15.39","","","BEKASI KARAWANG","25.07","25.38","101.24%","-0.31","5.05","2.18","43.07%","2.88","","11","29/88%","","","","24356","121,780,000","","","","","","","","","","","","","","","","PSB","","","","","","","","","","","","","","","","","","","","","","","","","","TOTAL 914 - Priangan Timur","","35,947","13,103,639,245","12,666,301,213","96.66%","4,574,131","0.03%","34,647","12,670,875,344","96.38%","96.70%","1,319","432,763,901","","","","","ARYA","SPA","","","3","0","1","1","1","","","","","","","","","","","ARYA","","","3","0","1","1","1","","","","","","","","","","","","","","","","","","","","","","","","","","","","","","","","","","","","","","","","","","","",""
"","BANDUNG","12,329,089,954","11,637,006,465","94.39%","95.34%","  692,083,489 ","  568,792,589 ","","8","","","","","BANDUNG","7.40","7.61","102.84%","103.88%","  (0.21)","  - ","","1","","","BANDUNG","77.91","13.57","17.42%","64.34","107.46","88.67","82.51%","18.79","","","BANDUNG","12.33","11.64","94.39%","0.69","3.12","1.01","32.34%","2.11","","12","33/88%",""," Total","","24356","121,790,000","","","","","","","","","","","","","","","","","","","","","","","","","","","","","","","","","","","","","","","","","","GRAND TOTAL","","35,947","13,103,639,245","12,666,301,213","96.66%","4,574,131","0.03%","34,647","12,670,875,344","96.38%","96.70%","1,319","432,763,901","","","","","","","","","0","0","0","0","0","","","","","","","","","","","","","","0","0","0","0","0","","","","","","","","","","","","","","","","","","","","","","","","","","","","","","","","","","","","","","","","","","","",""
"","PRIANGAN TIMUR","6,748,713,678","6,807,661,347","100.87%","101.89%","  (58,947,669)","  - ","","7","","","","","PRIANGAN TIMUR","2.49","1.80","72.32%","73.05%","  688,457,654 ","  663,584,452 ","","7","","","PRIANGAN TIMUR","8.03","7.63","94.95%","0.41","100.87","88.71","87.95%","12.16","","","PRIANGAN TIMUR","6.75","6.81","100.87%","-0.06","2.07","1.10","53.28%","0.97","","13","37/70%","","Grand Total","","24362","121,820,000","","","","","","","","","","","","","","","","Category","","","","","","","Jul","Aug","Sep","Oct","Nov","Dec","","","","","","","","","","","","","","","","","","","","","","","","","","","","","","","","FAJAR RAMDHANI","BNJ","","","7","8","8","6","14","","","","","","","","","","","","","","","","","","","","","","","","","","","","","","","","","","","","","","","","","","","","","","","","","","","","","","","","","","","","","",""
"","TREG 2","145,961,226,862","165,833,842,949","113.61%","114.76%","-19,872,616,087","  - ","","","","","","","TREG 2","  1,165.42 ","  1,089.66 ","93.50%","94.44%","  75.76 ","  64.10 ","","","","","","393.68","172.43","43.80%","221.24","991.48","826.41","83.35%","165.07","","TREG 2 RBS","","145.96","165.83","113.61%","-19.87","42.88","17.88","41.69%","25.00","","14","41/30%","","","","","","","","","","","","","","","","","","","","","CYC","100.00%","98.64%","99.54%","99.29%","99.46%","99.45%","","","","","","","","","","","","","","","","","","","","","","","","","","","","","","","","","","","","","","","","","","7","5","4","4","10","","","","","","","","","","","","","","","","","","","","","","","","","","","","","","","","","","","","","","","","","","","","","","","","","","","","","","","","","","","","","",""
"","","","","","","","","","","","","","","","","","","","","","","","","","JAKARTA INNER","224.60","213.59","95.09%","11.02","8.66","7.05","81.35%","1.62","","DGS","JAKARTA INNER","216.49","209.76","96.89%","6.73","8.22","6.96","84.66%","1.26","","15","45/86%","","","","","","","","","","","","","","","","","","","","","C3MR","95.62%","94.83%","95.10%","96.25%","96.99%","96.38%","","","","","","","","","","","","","","","","","","","","Laporan Bulanan C3MR Periode 202506","","","","","","","","","","","","","","","","","","JEJEN","MJL","","","0","0","1","1","0","","","","","","","","","","","","","","","","","","","","30 /Sep","","","","","","","","","","","","","","","","","","","","","","","","","","","","","","","","","","","","","","","","","",""
""," BILLING PERDANA","","","","","","","","","","","","","BINTANG 8 BILLING PERDANA PRITI","","","","","","","","","","","JAKARTA CENTRUM","343.54","295.48","86.01%","48.06","22.61","17.22","76.14%","5.39","","","JAKARTA CENTRUM","298.48","282.82","94.75%","15.66","20.07","15.64","77.95%","4.43","","16","51/01%","","","","","","","","","","","","","","","","","","","","","PRANPC","31.05%","33.26%","17.98%","34.58%","27.84%","18.10%","","","","","","","","","","","","","","","","","","","","WITEL","BILL CATEGORY","","","","","","","","","","","","","","","","","","","","","0","0","0","1","0","","","","","","","","","","","PRANPC","","","","","","","","","","OCT","NOV","DEC","GRAFIK RR","","","","","","91401 - Banjar","503","156,988,550","24,768,654","15.78%","459,540","0.29%","71","25,228,194","14.12%","16.07%","432","131,760,356","","","","","Perbandingan 30 Juli -September 2025","","","","","","","","","","","","","","",""
"","","","","","99.50%","","","","","","","","","","","","","99.50%","","","","","","","JAKARTA OUTER","577.71","519.95","90.00%","57.76","25.70","19.10","74.30%","6.60","","","JAKARTA OUTER","507.44","477.19","94.04%","30.25","21.88","16.45","75.17%","5.43","","17","52/78%","","HASIL VISIT RESOURCE HOTD","","","","","","","","","","","","","","","","","","","WINBACK","83.84%","79.10%","76.66%","77.57%","74.05%","84.11%","","","","","","","","","","","","","","","","","","","","","","","","","","","","","","","","","","","","","","MOHAMMAD","SPA","","","2","1","1","0","1","","","","","","","","","","","Banjar","20.07%","23.71%","22.36%","15.78%","18.72%","16.40%","15.38%","15.07%","10.79%","","","","","","","","","","91403 - Garut","414","125,847,596","59,395,811","47.20%","0","0.00%","154","59,395,811","37.20%","47.20%","260","66,451,785","","","","","","","","","","","","","","","","","","","",""
"","WITEL","","","","","","","","","","","","","WITEL","","","","","","","","","","","BANTEN","152.69","133.55","87.47%","19.14","10.19","7.34","72.00%","2.85","","","BANTEN","123.55","105.35","85.27%","18.20","9.06","7.05","77.82%","2.01","","18","55/37%","","Posisi recording terakhir data TREMS : ","","29/04/2026","","","","","","","","","","","","","","","","","PSB","99.86%","100.00%","99.51%","67.45%","99.99%","97.28%","","","","","","","","","","","","","","","","","","","","914 - Priangan Timur","Eksisting","34,560","12,706,162,556","12,426,935,287","97.80%","1,105,495","0.01%","33,784","12,428,040,782","97.75%","97.81%","794","278,121,774","","","","","","","","","0","1","0","0","0","","","","","","","","","","","Garut","35.42%","29.10%","21.99%","47.20%","19.77%","8.78%","26.26%","41.96%","7.28%","","","","","","","","","","91404 - Indramayu","335","122,321,940","23,993,683","19.62%","0","0.00%","78","23,993,683","23.28%","19.62%","257","98,328,257","","","","","DATEL","","","","","","","","","","","","","","",""
"","JAKARTA INNER","138,459,282","134,331,878","97.02%","97.51%","  4,127,404 ","  3,435,108 ","0.14%","5","","","","","Banjar","18,231,182","18,231,182","100.00%","100.50%","  - ","  - ","0.00%","1","","","PRIANGAN BARAT","3.56","2.21","62.05%","1.35","13.57","10.04","74.01%","3.53","","","PRIANGAN BARAT","1.90","1.62","85.07%","0.28","11.21","8.18","72.97%","3.03","","19","65/51%","","DATEL","PETUGAS VISIT","HASIL VISIT","","","","","","","","","","","","","","","","","CASE","","","","","","","- CYC kurang OnePrix","","","","","","","","","","","","","","","","","","","","PRANPC","760","228,916,273","41,424,875","18.10%","1,729,054","0.76%","187","43,153,929","24.61%","18.85%","573","185,762,344","","","","","PIPIT","MJL","","","2","0","0","0","0","","","","","","","","","","","Indramayu","8.51%","11.68%","68.55%","19.62%","85.31%","13.16%","5.10%","3.94%","3.79%","","","","","","","","","","91405 - Kuningan","312","96,341,430","28,181,236","29.25%","0","0.00%","102","28,181,236","32.69%","29.25%","211","68,160,194","","","","","","","","","","","","","","","","","","","",""
"","JAKARTA CENTRUM","95,933,068","94,001,582","97.99%","98.48%","  1,931,486 ","  1,451,821 ","-6.04%","3","","","","","Garut","46,711,137","45,958,893","98.39%","98.88%","  752,244 ","  518,688 ","1.59%","5","","","BEKASI KARAWANG","9.54","4.58","47.97%","4.97","5.41","4.73","87.38%","0.68","","","BEKASI KARAWANG","7.66","3.52","45.90%","4.15","5.15","4.60","89.24%","0.55","","20","81/75%","","Grand Total","","","","","","","","","","","","","","","","","","","","","","","","","","","","","","","","","","","","","","","","","","","","","","PSB","579","143,168,715","139,280,651","97.28%","3,488,643","2.44%","578","142,769,294","99.83%","99.72%","1","399,421","","","","","","","","","2","0","0","0","0","","","","","","","","","","","Kuningan","18.99%","20.17%","18.26%","29.25%","39.79%","13.66%","24.43%","23.75%","18.61%","","","","","","","","","","91406 - Majalengka","211","60,087,130","11,649,703","19.39%","0","0.00%","46","11,649,703","21.80%","19.39%","166","48,437,427","","","","","91401 - Banjar","522","162,560,937","25,008,350","15.38%","1,259,564","0.77%","91","26,267,914","17.43%","16.16%","432","136,293,023","","",""
"","JAKARTA OUTER","159,314,822","151,593,991","95.15%","95.63%","  7,720,831 ","  6,924,257 ","0.64%","8","","","","","Indramayu","33,933,638","33,103,624","97.55%","98.04%","  830,014 ","  660,346 ","2.44%","7","","","BANDUNG","10.65","10.20","95.79%","0.45","10.48","8.65","82.49%","1.84","","","BANDUNG","7.40","7.61","102.84%","-0.21","9.72","8.25","84.84%","1.47","","21","#REF!","","","","","","","","","","","","","","","","","","","","","","","","","","","","","","","","","","","","","","","","","","","","","","","","WINBACK","125","19,573,168","16,463,916","84.11%","1,110","0.01%","89","16,465,026","71.20%","84.12%","36","3,108,142","","","","","SHOKIKAH","IMY","","","0","0","0","0","8","","","","","","","","","","","Majalengka","30.16%","21.07%","42.81%","19.39%","16.31%","12.25%","44.74%","28.42%","16.86%","","","","","","","","","","91407 - Inner - Priangan Timur","479","138,599,213","54,283,542","39.17%","0","0.00%","216","54,283,542","45.09%","39.17%","263","84,315,671","","","","","91403 - Garut","407","130,600,926","33,807,235","25.89%","0","0.00%","98","33,807,235","24.08%","25.89%","310","96,793,691","","",""
"","BANTEN","217,625,237","209,641,970","96.33%","96.82%","  7,983,267 ","  6,895,141 ","-3.15%","6","","","","","Kuningan","32,447,422","32,447,422","100.00%","100.50%","  - ","  - ","0.00%","1","","","PRIANGAN TIMUR","3.14","2.14","68.19%","1.00","11.77","10.45","88.77%","1.32","","","PRIANGAN TIMUR","2.49","1.80","72.32%","0.69","11.23","10.20","90.79%","1.03","","22","#REF!","","","","","","","","","","","","","","","","","","","","","","","","","","","","","","","","","","","","","","","AR","","","","","","","","TOTAL 914 - Priangan Timur","","36,024","13,097,820,712","12,624,104,729","96.38%","6,324,302","0.05%","34,638","12,630,429,031","96.15%","96.43%","1,404","467,391,681","","","","","","","","","0","0","0","0","5","","","","","","","","","","","Inner - PRITI","15.93%","41.56%","26.27%","39.17%","31.42%","12.92%","25.18%","28.11%","26.50%","","","","","","","","","","91408 - Singaparna","204","55,667,129","23,304,447","41.86%","0","0.00%","80","23,304,447","39.22%","41.86%","124","32,362,682","","","","","91404 - Indramayu","873","326,234,009","14,297,850","4.38%","0","0.00%","49","14,297,850","5.61%","4.38%","824","311,936,159","","",""
"","PRIANGAN BARAT","234,553,598","225,869,687","96.30%","96.78%","  8,683,911 ","  7,511,143 ","1.24%","7","","","","","Majalengka","13,342,329","12,892,454","96.63%","97.11%","  449,875 ","  383,163 ","1.30%","8","","","","1,325.43","1,181.69","89.16%","143.73","108.39","84.56","78.01%","23.84","","TREG 2 DGS","","1,165.42","1,089.66","93.50%","75.76","96.55","77.33","80.09%","19.22","","23","","","","","","","","","","","","","","","","","","","","","","","","","","","","","","","","","","","","","","","","WO","157","169","171","187","204","136","","GRAND TOTAL","","36,024","13,097,820,712","12,624,104,729","96.38%","6,324,302","0.05%","34,638","12,630,429,031","96.15%","96.43%","1,404","467,391,681","","","","","SONI YUNIAR","CBN","","","0","0","0","0","6","","","","","","","","","","","Singaparna","26.01%","33.89%","50.94%","41.86%","28.45%","36.20%","31.22%","36.43%","38.02%","","","","","","","","","","91409 - Tasikmalaya","210","56,371,755","17,807,074","31.59%","1,110","0.00%","58","17,808,184","27.62%","31.59%","153","38,563,571","","","","","91405 - Kuningan","268","78,323,680","18,820,836","24.03%","0","0.00%","79","18,820,836","29.48%","24.03%","189","59,502,844","","",""
"","BEKASI KARAWANG","248,191,479","244,104,757","98.35%","98.85%","  4,086,722 ","  2,845,765 ","-0.68%","2","","","","","Inner - Priangan Timur","28,615,691","28,607,675","99.97%","100.47%","  8,016 ","  - ","0.03%","4","","","JAKARTA INNER","231.81","86.44","37.29%","145.37","95.02","62.94","66.24%","32.08","","DPS","JAKARTA INNER","83.34","62.60","75.11%","20.74","64.53","61.73","95.67%","2.80","","24","","","","","","","","","","","","","","","","","","","","","","","","","","","","","","","","","","","","","","","","Visit","56","87","73","67","76","27","","","","","","","","","","","","","","","","","","","","","","","","0","0","0","0","0","","","","","","","","","","","Tasikmalaya","30.05%","43.80%","55.49%","31.59%","22.78%","28.07%","26.80%","41.00%","17.05%","","","","","","","","","","GRAND TOTAL","2,668","812,224,743","243,384,150","29.97%","460,650","0.06%","805","243,844,800","30.17%","30.02%","1,866","568,379,943","","","","","91406 - Majalengka","220","67,884,098","30,370,762","44.74%","104,673","0.15%","79","30,475,435","35.91%","44.89%","142","37,408,663","","",""
"","BANDUNG","169,854,505","166,380,310","97.95%","98.45%","  3,474,195 ","  2,624,922 ","1.66%","4","","","","","Singaparna","25,329,767","24,827,634","98.02%","98.51%","  502,133 ","  375,484 ","1.98%","6","","","JAKARTA CENTRUM","783.70","351.75","44.88%","431.95","64.48","44.05","68.32%","20.43","","","JAKARTA CENTRUM","342.93","254.16","74.11%","88.77","45.04","43.59","96.77%","1.46","","25","","","","","","","","","","","","","","","","","","","","","","","","","","","","","","","","","","","","","","","","Paid","19","18","21","14","25","8","","","","","","","","","","","","","","","","","","","","WAHYU IHWAYUDA","TSM","","","13","45","23","25","7","","","","","","","","","","","ALL PRITI","18.08%","26.24%","41.76%","29.97%","47.09%","16.04%","18.77%","19.50%","12.58%","","","","","","","","","","","","","","","","","","","","","","","","","","","91407 - Inner - Priangan Timur","508","122,052,035","30,642,159","25.11%","0","0.00%","134","30,642,159","26.38%","25.11%","373","91,409,876","","",""
"","PRIANGAN TIMUR","217,407,730","214,865,448","98.83%","99.33%","  2,542,282 ","  1,455,243 ","0.89%","1","","","","","Tasikmalaya","18,796,564","18,796,564","100.00%","100.50%","  - ","  - ","-0.68%","1","","","JAKARTA OUTER","1,151.30","370.38","32.17%","780.91","78.22","52.46","67.07%","25.76","","","JAKARTA OUTER","379.37","308.69","81.37%","70.68","53.72","51.37","95.62%","2.35","","26","","","","","","","","","","","","","","","","","","","","","","","","","","","","","","","","","","","","","","","","RR%","12.10%","10.65%","12.28%","7.49%","12.25%","5.88%","","Laporan Bulanan C3MR Periode 202505","","","","","","","","","","","","","","","","","","","","","","4","11","7","3","3","","","","","","","","","","","","","","","","","","","","","","","","","","","","","","","","","","","","","","","","","","","","","","","91408 - Singaparna","161","44,888,590","14,014,485","31.22%","34,410","0.08%","51","14,048,895","31.68%","31.30%","110","30,839,695","","",""
"","TREG 2","1,481,339,721","1,440,789,623","97.26%","97.75%","  40,550,098 ","  33,143,399 ","","","","","","","PRITI","217,407,730","214,865,448","98.83%","99.33%","  2,542,282 ","  1,455,243 ","","","","","BANTEN","147.33","97.34","66.07%","49.98","34.92","25.73","73.68%","9.19","","","BANTEN","88.45","63.23","71.49%","25.22","26.29","25.55","97.19%","0.74","","27","","","","","","","","","","","","","","","","","","","","","","","","","","","","","","","","","","","","","","","","","","","","","","","","WITEL","BILL CATEGORY","","","","","","","","","","","","","","","","","WAHYU MULYADI","TSM","","","8","13","14","13","15","","","","","","","","","","","","","","","","","","","","","","","","","","","","","","","","","","","","","","","","","","","","","","","91409 - Tasikmalaya","265","60,689,882","15,721,057","25.90%","345,616","0.57%","69","16,066,673","26.04%","26.47%","196","44,623,209","","",""
"","","","","","","","","","","","","","","","","","","","","","","","","","PRIANGAN BARAT","18.71","4.61","24.64%","14.10","13.60","8.92","65.58%","4.68","","","PRIANGAN BARAT","4.72","4.46","94.61%","0.25","9.20","8.73","94.82%","0.48","","28","","","","","","","","","","","","","","","","","","","","","","","","","","","","","","","","","","","","","","","","","","","","","","","","","","","","","","","","","","","","","","","","","","","","","","4","3","1","3","9","","","","","","","","","","","","","","","","","","","","","","","","","","","","","","00-03 Bln","94","42,644,716","3,135,750","7.35%","1,110","0.00%","7","3,136,860","7.45%","7.36%","87","39,507,856","","","","","GRAND TOTAL","3,224","993,234,157","182,682,734","18.39%","1,744,263","0.18%","650","184,426,997","20.16%","18.57%","2,576","808,807,160","","",""
"","BINTANG 11 C3MR","","","","","","","","","","","","","BINTANG 11 C3MR PRITI","","","","","","","","","","","BEKASI KARAWANG","120.15","44.22","36.80%","75.93","47.63","36.47","76.56%","11.17","","","BEKASI KARAWANG","45.39","37.51","82.63%","7.88","37.58","35.87","95.45%","1.71","","29","","","","","","","","","","","","","","","","","","","","","","","","","","","","","","","","","","","","","","","","","","","","","","","","914 - Priangan Timur","Eksisting","34,671","12,705,913,016","12,474,143,708","98.18%","7,002,087","0.06%","34,067","12,481,145,795","98.26%","98.23%","605","224,767,221","","","","","DESI","GRU","","","0","0","0","0","0","","","","","","","","","","","PRANPC","","","","","","","","","","OCT","NOV","DEC","GRAFIK RR","","","","","","04-06 Bln","118","45,820,839","3,232,320","7.05%","0","0.00%","11","3,232,320","9.32%","7.05%","107","42,588,519","","","","","","","","","","","","","","","","","","","",""
"","","","","","98.00%","","","","","","","","","","","","","98%","","","","","","","BANDUNG","26.46","8.44","31.88%","18.03","15.41","11.95","77.56%","3.46","","","BANDUNG","8.23","7.68","93.33%","0.55","12.23","11.90","97.34%","0.33","","30","","","","","","","","","","","","","","","","","","","","","","","","","","","","","","","","","","","","","","","","","","","","","","","","","PRANPC","1,071","218,474,137","60,833,283","27.84%","212,210","0.10%","252","61,045,493","23.53%","27.94%","820","157,428,644","","","","","","","","","0","0","0","0","0","","","","","","","NonAktif","","","","00-03 Bln","22.48%","5.14%","14.31%","18.08%","11.28%","18.94%","10.51%","31.38%","7.35%","","","","","","","","","","07-09 Bln","201","113,657,170","4,584,609","4.03%","255,300","0.22%","17","4,839,909","8.46%","4.26%","186","108,817,261","","","","","DATEL","","","","","","","","","","","","","","",""
"","WITEL","","","","","","","","","","","","","WITEL","","","","","","","","","","","PRIANGAN TIMUR","0.14","0.13","99.06%","0.00","5.41","4.47","82.71%","0.93","","","PRIANGAN TIMUR","0.13","0.13","99.05%","0.00","4.57","4.43","96.88%","0.14","","31","","","","","","","","","","","","","","","","","","","","","","","","","","","","","","","","","","","","","","","","","","","","","","","","","PSB","477","86,073,898","86,067,937","99.99%","0","0.00%","475","86,067,937","99.58%","99.99%","2","5,961","","","","","FATTAH","GRU","","","9","0","0","0","0","","","","","","","","","","","04-06 Bln","17.31%","33.75%","13.66%","5.93%","7.29%","3.24%","13.46%","18.60%","7.05%","","","","","","","","","","10-12 Bln","114","49,606,455","3,609,831","7.28%","0","0.00%","12","3,609,831","10.53%","7.28%","102","45,996,624","","","","","","","","","","","","","","","","","","","",""
"","JAKARTA INNER","13,709,222,320","13,076,867,064","95.39%","97.33%","  632,355,256 ","  358,170,810 ","-1.17%","1","","","","","Banjar","1,474,530,824","1,371,780,943","93.03%","94.93%","  102,749,881 ","  73,259,265 ","-2.12%","3","","","","2,479.60","963.32","38.85%","1,516.28","354.69","246.99","69.64%","107.70","","TREG 2 DPS","","952.56","738.46","77.52%","214.11","253.17","243.17","96.05%","10.00","","","","","","","","","","","","","","","","","","","","","","","","","","","","","","","","","","","","","","","","","","","","","","","","","","","WINBACK","77","10,857,587","8,040,059","74.05%","0","0.00%","54","8,040,059","70.13%","74.05%","23","2,817,528","","","","","","","","","0","0","0","0","0","","","","","","","","","","","07-09 Bln","13.90%","23.21%","14.08%","15.33%","24.52%","4.93%","10.42%","4.57%","4.03%","","","","","","","","","","> 12 Bln","2,511","686,255,885","103,391,419","15.07%","3,044,725","0.44%","355","106,436,144","14.14%","15.51%","2,160","579,819,741","","","","","91401 - Banjar","368","143,195,222","21,581,454","15.07%","0","0.00%","76","21,581,454","20.65%","15.07%","293","121,613,768","","",""
"","JAKARTA CENTRUM","15,003,597,013","14,288,552,682","95.23%","97.18%","  715,044,331 ","  414,972,391 ","-1.46%","2","","","","","Garut","1,721,693,371","1,516,195,045","88.06%","89.86%","  205,498,326 ","  171,064,459 ","-6.87%","6","","","JAKARTA INNER","152.76","70.29","46.01%","82.47","19.05","12.19","64.02%","6.85","","DSS","JAKARTA INNER","36.32","26.56","73.15%","9.75","13.18","12.04","91.38%","1.14","","","","","","","","","","","","","","","","","","","","","","","","","","","","","","","","","","","","","","","","","","","","","","","","","","TOTAL 914 - Priangan Timur","","36,296","13,021,318,638","12,629,084,987","96.99%","7,214,297","0.06%","34,848","12,636,299,284","96.01%","97.04%","1,450","385,019,354","","","","","IMAN","KNG","","","0","0","0","0","0","","","","","","","","","","","10-12 Bln","7.87%","19.95%","54.39%","28.25%","35.43%","10.81%","38.33%","20.22%","7.28%","","","","","","","","","","GRAND TOTAL","3,038","937,985,065","117,953,929","12.58%","3,301,135","0.35%","402","121,255,064","13.23%","12.93%","2,642","816,730,001","","","","","91403 - Garut","329","102,635,261","43,070,194","41.96%","0","0.00%","147","43,070,194","44.68%","41.96%","183","59,565,067","","",""
"","JAKARTA OUTER","18,951,279,620","17,888,378,809","94.39%","96.32%","  1,062,900,811 ","  683,875,219 ","-1.52%","3","","","","","Indramayu","1,986,171,661","1,714,650,924","86.33%","88.09%","  271,520,737 ","  231,797,304 ","-8.44%","7","","","JAKARTA CENTRUM","1,061.36","458.85","43.23%","602.51","18.93","14.72","77.77%","4.21","","","JAKARTA CENTRUM","531.36","190.22","35.80%","341.13","14.80","13.76","92.97%","1.04","","","","","","","","","","","","","","","","","","","","","","","","","","","","","","","","","","","","","","","","","","","","","","","","","","GRAND TOTAL","","36,296","13,021,318,638","12,629,084,987","96.99%","7,214,297","0.06%","34,848","12,636,299,284","96.01%","97.04%","1,450","385,019,354","","","","","","","","","0","0","0","0","0","","","","","","","","","","","> 12 Bln","19.25%","29.15%","49.95%","39.12%","62.27%","24.16%","20.54%","22.07%","15.07%","","","","","","","","","","","","","","","","","","","","","","","","","","","91404 - Indramayu","883","335,874,254","13,248,171","3.94%","0","0.00%","59","13,248,171","6.68%","3.94%","824","322,626,083","","",""
"","BANTEN","18,590,843,185","17,359,664,885","93.38%","95.28%","  1,231,178,300 ","  859,361,436 ","-2.00%","5","","","","","Kuningan","1,836,817,797","1,536,096,094","83.63%","85.33%","  300,721,703 ","  263,985,347 ","-11.07%","8","","","JAKARTA OUTER","972.43","633.07","65.10%","339.36","19.95","15.33","76.85%","4.62","","","JAKARTA OUTER","586.01","429.03","73.21%","156.98","16.65","15.09","90.60%","1.57","","","","","","","","","","","","","","","","","","","","","","","","","","","","","","","","","","","","","","","","","","","","","","","","","","","","","","","","","","","","","","","","","","","","","","","","","","","","","","","","","","","","","","","ALL PRITI","18.08%","26.24%","41.76%","29.97%","47.09%","16.04%","18.77%","19.50%","12.58%","","","","","","","","","","","","","","","","","","","","","","","","","","","91405 - Kuningan","233","66,262,043","15,739,200","23.75%","1,164,390","1.76%","72","16,903,590","30.90%","25.51%","161","49,358,453","","",""
"","PRIANGAN BARAT","16,425,149,515","14,992,495,369","91.28%","93.14%","  1,432,654,146 ","  1,104,151,156 ","-2.81%","6","","","","","Majalengka","1,187,258,868","1,063,748,494","89.60%","91.43%","  123,510,374 ","  99,765,197 ","-5.49%","4","","","BANTEN","126.68","89.49","70.64%","37.19","8.99","7.98","88.82%","1.00","","","BANTEN","97.27","79.19","81.41%","18.08","8.25","7.93","96.11%","0.32","","","","","","","","","","","","","","","","","","","","","","","","","","","","","","","","","","","","","","","","","","","","","","","","","","","","","","","","","","","","","","","","","","","","","","","","","","","","","","","","","","","","","","","","","","","","","","","","","","","","","","","","","","","","","","","","","","","","","","","","","","","91406 - Majalengka","184","52,622,298","14,957,330","28.42%","0","0.00%","75","14,957,330","40.76%","28.42%","110","37,664,968","","",""
"","BEKASI KARAWANG","16,259,711,362","14,724,668,845","90.56%","92.41%","  1,535,042,517 ","  1,209,848,290 ","-2.88%","7","","","","","Inner - PRITI","2,813,395,448","2,638,644,489","93.79%","95.70%","  174,750,959 ","  118,483,050 ","-3.24%","2","","","PRIANGAN BARAT","12.27","9.46","77.04%","2.82","6.77","4.91","72.52%","1.86","","","PRIANGAN BARAT","4.72","2.37","50.19%","2.35","4.93","4.62","93.63%","0.31","","","","","","","","","","","","","","","","","","","","","","","","","","","","","","","","","","","","","","","","","","","","","","","","","","Laporan Bulanan C3MR Periode 202504","","","","","","","","","","","","","","","","","","","","","","","","","","","","","","","","","","","","","","","","","","","","","","","","","","","","","","","","","","","","","","","","","","","","","","","","","91407 - Inner - Priangan Timur","460","89,300,730","25,100,680","28.11%","0","0.00%","133","25,100,680","28.91%","28.11%","327","64,200,050","","",""
"","BANDUNG","12,996,291,163","12,162,931,646","93.59%","95.50%","  833,359,517 ","  573,433,694 ","-1.76%","4",""," ","","","Singaparna","1,448,871,973","1,286,681,535","88.81%","90.62%","  162,190,438 ","  133,212,999 ","-5.77%","5","","","BEKASI KARAWANG","21.24","2.35","11.08%","18.89","4.35","3.79","87.14%","0.56","","","BEKASI KARAWANG","2.24","1.05","46.77%","1.19","3.98","3.77","94.49%","0.22","","","","","","","","","","","","","","","","","","","","","","","","","","","","","","","","","","","","","","","","","","","","","","","","","","WITEL","BILL CATEGORY","","","","","","","","","","","","","","","","","","","","","","","","","","","","","","","","","","","","JUL","18.39%","","","","","","","","","","","","","","","","","","","","","","","","","","","","","","","","","","","91408 - Singaparna","127","41,419,488","15,090,382","36.43%","0","0.00%","52","15,090,382","40.94%","36.43%","75","26,329,106","","",""
"","PRIANGAN TIMUR","14,145,173,370","12,704,755,717","89.82%","91.65%","  1,440,417,653 ","  1,157,514,186 ","-5.54%","8","","","","","Tasikmalaya","1,676,433,428","1,576,958,193","94.07%","95.99%","  99,475,235 ","  65,946,566 ","-1.46%","1","","","BANDUNG","100.90","52.87","52.40%","48.03","9.34","7.56","80.91%","1.78","","","BANDUNG","55.96","30.38","54.30%","25.57","7.74","7.35","95.05%","0.38","","","","","","","","","","","","","","","","","","","","","","","","","","","","","","","","","","","","","","","","","","","","","","","","","","","","","","","","","","","","","","","","","","","","","","","","","","","","","","","","","","","","","","","AUG","19.45%","","","","","","","","","","","","","","","","","","","","","","","","","","","","","","","","","","","91409 - Tasikmalaya","235","61,910,091","24,933,582","40.27%","0","0.00%","72","24,933,582","30.64%","40.27%","163","36,976,509","","",""
"","TREG 2","126,081,267,548","117,198,315,017","92.95%","94.85%","  8,882,952,531 ","  6,361,327,180 ","","","","","","","PRITI","14,145,173,370","12,704,755,717","89.82%","91.65%","  1,440,417,653 ","  1,157,514,186 ","","","","","PRIANGAN TIMUR","0.41","0.39","95.58%","0.02","8.00","6.31","78.95%","1.68","","","PRIANGAN TIMUR","0.39","0.37","95.22%","0.02","6.86","6.08","88.59%","0.78","","","","","","","","","","","","","","","","","","","","","","","","","","","","","","","","","","","","","","","","","","","","","","","","","","914 - Priangan Timur","Eksisting","34,584","12,636,687,598","12,427,103,562","98.34%","3,075,502","0.02%","34,006","12,430,179,064","98.33%","98.37%","598","206,508,534","","","","","KATEGORI PETUGAS","TELDA","","","","","","","","","","","","DEC","GRAFIK RR","","","","","SEP","12.58%","","","","","","","","","","","","","","","","","","","","","","","","","","","","","","","","","","","GRAND TOTAL","2,819","893,219,387","173,720,993","19.45%","1,164,390","0.13%","686","174,885,383","24.33%","19.58%","2,136","718,334,004","","",""
"","","","","","","","","","","","","","","","","","","","","","","","","","","2,448.05","1,316.76","53.79%","1,131.29","95.36","72.79","76.33%","22.57","","TREG 2 DSS","","1,314.27","759.18","57.76%","555.08","76.40","70.63","92.46%","5.76","","","","","","","","","","","","","","","","","","","","","","","","","","","","","","","","","","","","","","","","","","","","","","","","","","","PRANPC","1,309","340,187,363","117,627,690","34.58%","460,650","0.14%","411","118,088,340","31.40%","34.71%","898","222,099,023","","","","","ADMIN","","","","36","50","63","54","45","","","","","","","Visit","","","","","","","","","","","","","","","","","","","","","","","","","","","","","","","","","","","","","","","","","","","","","","","","","","","","","","",""
"","PRANPC","","","","","","","","","","","","","BINTANG 9 PRANPC PRITI","","","","","","","","","","","","","","","","","","","","","","","","","","","","","","","","","","","","","","","","","","","","","","","","","","","","","","","","","","","","","","","","","","","","","","","","","","","","","","","","","PSB","458","178,097,958","120,125,292","67.45%","56,582,300","31.77%","453","176,707,592","98.91%","99.22%","5","1,390,366","","","","","","","","","9","25","31","19","11","","","","","","","Paid","","","","","","","","","","","","","","","","","","","","","","","","","","","","","","","","","","","","","","","","DATEL","","","","","","","","","","","","","","",""
"","","","","","60%","","","","","","","","","","","","","60.00%","","","","","","","","","","","","","","","","","","","","","","","","","","","","","","","Posisi recording terakhir data TREMS : ","","29/04/2026","","","","","","","","","","","","","","","","","","","","","","","","","","","","","","","","","","","","","","","","","","","","WINBACK","88","19,722,362","15,298,952","77.57%","405,506","2.06%","76","15,704,458","86.36%","79.63%","14","4,017,904","","","","","R. HOTD BANJAR","","","","14","19","38","28","36","","","","","","","","","","","","","","","","","","","","","","","","","","","","","","","","","","","","","","","","","","","","","","","","","","","","","","","","","","","","","",""
"","WITEL","","","","","","","","","","","","","WITEL","","","","","","","","","","","","","","","","","","","","","","","","","","","","","","","","","","","","PETUGAS VISIT","Values","","","","","","","","","","","","","","","","","","","","","","","","","","","","","","","","","","","","","","","","","","","TOTAL 914 - Priangan Timur","","36,439","13,174,695,281","12,680,155,496","96.25%","60,523,958","0.46%","34,946","12,740,679,454","95.90%","96.71%","1,515","434,015,827","","","","","","","","","5","8","7","7","13","","","","","","","","","","","","","","","","","","","","","","","","","","","","","","","","","","","","","","","","","","","","","","","91401 - Banjar","382","151,093,328","16,308,863","10.79%","2,110,943","1.40%","55","18,419,806","14.40%","12.19%","330","132,673,522","","",""
"","JAKARTA INNER","186,886,313","36,814,809","19.70%","32.83%","  150,071,504 ","  146,333,778 ","-22.92%","4","","","","","Banjar","45,367,977","15,090,839","33.26%","55.44%","  30,277,138 ","  29,369,778 ","5.59%","1","","","","","","","","","","","","","","","","","","","","","","","","","","","","Grand Total","","","","","","","","","","","","","","","","","","","","","","","","","","","","","","","","","","","","","","","","","","","","GRAND TOTAL","","36,439","13,174,695,281","12,680,155,496","96.25%","60,523,958","0.46%","34,946","12,740,679,454","95.90%","96.71%","1,515","434,015,827","","","","","R. HOTD KUNINGAN","","","","0","0","0","0","1","","","","","","","","","","","","","","","","","","","","","","","","","","","","","","","","","","","","","","","","","","","","","","","91403 - Garut","324","109,217,724","7,952,173","7.28%","0","0.00%","18","7,952,173","5.56%","7.28%","307","101,265,551","","",""
"","JAKARTA CENTRUM","278,585,717","59,206,359","21.25%","35.42%","  219,379,358 ","  213,807,644 ","-18.99%","3","","","","","Garut","43,386,821","4,036,992","9.30%","15.51%","  39,349,829 ","  38,482,093 ","-0.21%","6","","","","","","","","","","","","","","","","","","","","","","","","","","","VOC VISIT2","VISIT","PAID","","","","","","","","","","","","","","","","","","","","","","","","","","","","","","","","","","","","","","","","","","","","","","","","","","","","","","","","","","","","","","","","","0","0","0","0","0","","","","","","","","","","","","","","","","","","","","","","","","","","","","","","","","","","","","","","","","","","","","","","","91404 - Indramayu","894","337,190,323","12,782,298","3.79%","0","0.00%","44","12,782,298","4.92%","3.79%","850","324,408,025","","",""
"","JAKARTA OUTER","426,736,565","114,436,097","26.82%","44.69%","  312,300,468 ","  303,765,737 ","-14.47%","1","","","","","Indramayu","50,273,890","3,149,181","6.26%","10.44%","  47,124,709 ","  46,119,231 ","-9.80%","7","","","","","","","","","","","","","","","","","","","","","","","","","","","Grand Total","","","","","","","","","","","","","","","","","","","","","","","","","","","","","","","","","","","","","","","","","","","","","","","","","","","","","","","","","","","","","","","R. HOTD MAJALENGKA","","","","15","7","10","4","6","","","","","","","","","","","","","","","","","","","","","","","","","","","","","","","","","","","","","","","","","","","","","","","91405 - Kuningan","242","72,247,261","13,445,225","18.61%","0","0.00%","57","13,445,225","23.55%","18.61%","186","58,802,036","","",""
"","BANTEN","418,449,295","73,107,305","17.47%","29.12%","  345,341,990 ","  336,973,004 ","-13.18%","6","","","","","Kuningan","48,223,772","4,562,035","9.46%","15.77%","  43,661,737 ","  42,697,262 ","0.34%","5","","","","","","","","","","","","","","","","","","","","","","","","","","","","","","","","","","","","","","","","","","","","","","","","","","","","","","","","","","","","","","","","","","","","","","","","Laporan Bulanan C3MR Periode 202503","","","","","","","","","","","","","","","","","","","","","","0","3","5","1","4","","","","","","","","","","","","","","","","","","","","","","","","","","","","","","","","","","","","","","","","","","","","","","","91406 - Majalengka","182","52,244,597","8,809,276","16.86%","653,790","1.25%","31","9,463,066","17.03%","18.11%","151","42,781,531","","",""
"","PRIANGAN BARAT","492,847,244","129,702,724","26.32%","43.86%","  363,144,520 ","  353,287,575 ","0.87%","2","","","","","Majalengka","32,283,529","1,393,150","4.32%","7.19%","  30,890,379 ","  30,244,708 ","-26.79%","8","","","","","","","","","","","","","","","","","","","","","","","","","","","","","","","","","","","","","","","","","","","","","","","","","","","","","","","","","","","","","","","","","","","","","","","","WITEL","BILL CATEGORY","","","","","","","","","","","","","","","","","R. HOTD PRIANGAN TIMUR","","","","9","10","21","5","9","","","","","","","","","","","","","","","","","","","","","","","","","","","","","","","","","","","","","","","","","","","","","","","91407 - Inner - Priangan Timur","575","118,035,471","31,284,252","26.50%","184,260","0.16%","93","31,468,512","16.17%","26.66%","483","86,566,959","","",""
"","BEKASI KARAWANG","489,033,862","71,903,189","14.70%","24.51%","  417,130,673 ","  407,349,996 ","-3.02%","8","","","","","Inner - Priangan Timur","53,144,415","9,968,627","18.76%","31.26%","  43,175,788 ","  42,112,900 ","-5.35%","4","","","","","","","","","","","","","","","","","","","","","","","","","","","","","","","","","","","","","","","","","","","","","","","","","","","","","","","","","","","","","","","","","","","","","","","","","","","","","","","","","","","","","","","","","","","","","","0","5","2","0","4","","","","","","","","","","","","","","","","","","","","","","","","","","","","","","","","","","","","","","","","","","","","","","","91408 - Singaparna","173","50,891,046","19,349,372","38.02%","352,142","0.69%","59","19,701,514","34.10%","38.71%","114","31,189,532","","",""
"","BANDUNG","320,867,329","57,364,974","17.88%","29.80%","  263,502,355 ","  257,085,008 ","-7.70%","5","","","","","Singaparna","34,163,986","8,428,119","24.67%","41.12%","  25,735,867 ","  25,052,587 ","6.66%","2","","","","","","","","","","","","","","","","","","","","","","","","","","","","","","","","","","","","","","","","","","","","","","","","","","","","","","","","","","","","","","","","","","","","","","","","914 - Priangan Timur","Eksisting","34,695","12,612,114,118","12,298,906,995","97.52%","0","0.00%","33,854","12,298,906,995","97.58%","97.52%","858","313,207,123","","","","","R. HOTD SINGAPARNA","","","","12","13","10","5","18","","","","","","","","","","","","","","","","","","","","","","","","","","","","","","","","","","","","","","","","","","","","","","","91409 - Tasikmalaya","266","47,065,315","8,022,470","17.05%","0","0.00%","45","8,022,470","16.92%","17.05%","221","39,042,845","","",""
"","PRIANGAN TIMUR","342,664,006","54,211,848","15.82%","26.37%","  288,452,158 ","  281,598,878 ","-2.13%","7","","","","","Tasikmalaya","35,819,616","7,582,905","21.17%","35.28%","  28,236,711 ","  27,520,319 ","8.08%","3","","","","","","","","","","","","","","","","","","","","","","","","","","","","","","","","","","","","","","","","","","","","","","","","","","","","","","","","","","","","","","","","","","","","","","","","","PRANPC","1,244","400,414,680","72,011,432","17.98%","1,437,185","0.36%","284","73,448,617","22.83%","18.34%","959","326,966,063","","","","","","","","","5","5","3","2","8","","","","","","","","","","","","","","","","","","","","","","","","","","","","","","","","","","","","","","","","","","","","","","","GRAND TOTAL","3,038","937,985,065","117,953,929","12.58%","3,301,135","0.35%","402","121,255,064","13.23%","12.93%","2,642","816,730,001","","",""
"","TREG 2","2,956,070,331","596,747,305","20.19%","33.65%","  2,359,323,026 ","  2,300,201,619 ","","","","","","","PRITI","342,664,006","54,211,848","15.82%","26.37%","  288,452,158 ","  281,598,878 ","","","","","","","","","","","","","","","","","","","","","","","","","","","","","","","","","","","","","","","","","","","","","","","","","","","","","","","","","","","","","","","","","","","","","","","","","","","PSB","618","159,923,422","159,133,774","99.51%","256,886","0.16%","612","159,390,660","99.03%","99.67%","6","532,762","","","","","R. HOTD TASIKMALAYA","","","","0","0","0","0","3","","","","","","","","","","","","","","","","","","","","","","","","","","","","","","","","","","","","","","","","","","","","","","","","","","","","","","","","","","","","","",""
"","","","","","","","","","","","","","","","","","","","","","","","","","","","","","","","","","","","","","","","","","","","","","","","","","","","","","","","","","","","","","","","","","","","","","","","","","","","","","","","","","","","","","","","","","","","","","","","WINBACK","124","17,284,924","13,250,429","76.66%","0","0.00%","106","13,250,429","85.48%","76.66%","18","4,034,495","","","","","","","","","0","0","0","0","1","","","","","","","","","","","","","","","","","","","","","","","","","","","","","","","","","","","","","","","","","","","","","","","","","","","","","","","","","","","","","",""
"","WINBACK","","","","","","","","","","","","","BINTANG 9 WINBACK PRITI","","","","","","","","","","","","","","","","","","","","","","","","","","","","","","","","","","","","","","","","","","","","","","","","","","","","","","","","","","","","","","","","","","","","","","","","","","","","","","","","TOTAL 914 - Priangan Timur","","36,681","13,189,737,144","12,543,302,630","95.10%","1,694,071","0.01%","34,856","12,544,996,701","95.02%","95.11%","1,841","644,740,443","","","","","","","","","","","","","","","","","","","","","","","","","","","","","","","","","","","","","","","","","","","","","","","","","","","","","","","","","","","","","","","","","","","","","","","","","","",""
"","","","","","98.00%","","","","","","","","","","","","","98.00%","","","","","","","","","","","","","","","","","","","","","","","","","","","","","","","","","","","","","","","","","","","","","","","","","","","","","","","","","","","","","","","","","","","","","","","","","","","","GRAND TOTAL","","36,681","13,189,737,144","12,543,302,630","95.10%","1,694,071","0.01%","34,856","12,544,996,701","95.02%","95.11%","1,841","644,740,443","","","","","","","","","","","","","","","","","","","","","","","","","","","","","","","","","","","","","","","","","","","","","","","","","","","","","","","","","","","","","","","","","","","","","","","","","","",""
"","WITEL","","","","","","","","","","","","","WITEL","","","","","","","","","","","","","","","","","","","","","","","","","","","","","","","","","","","","","","","","","","","","","","","","","","","","","","","","","","","","","","","","","","","","","","","","","","","","","","","","","","","","","","","","","","","","","","","","","","","","","","","","","","","","","","","","","","","","","","","","","","","","","","","","","","","","","","","","","","","","","","","","","","","","","","","","","","","","","","","","","","","","","","","",""
"","JAKARTA INNER","67,920,802","50,998,689","75.09%","76.62%","  16,922,113 ","  15,563,697 ","-18.90%","2","","","","","Banjar","7,368,330","5,517,208","74.88%","76.41%","  1,851,122 ","  1,703,755 ","","5","","","","","","","","","","","","","","","","","","","","","","","","","","","","","","","","","","","","","","","","","","","","","","","","","","","","","","","","","","","","","","","","","","","","","","","","","","","","","","","","","","","","","","","","","","","","","","","","","","","","","","","","","","","","","","","","","","","","","","","","","","","","","","","","","","","","","","","","","","","","","","","","","","","","","","","","","","","","","","","",""
"","JAKARTA CENTRUM","25,810,785","16,469,922","63.81%","65.11%","  9,340,863 ","  8,824,647 ","-18.13%","5","","","","","Garut","3,763,145","2,160,376","57.41%","58.58%","  1,602,769 ","  1,527,506 ","","6","","","","","","","","","","","","","","","","","","","","","","","","","","","","","","","","","","","","","","","","","","","","","","","","","","","","","","","","","","","","","","","","","","","","","","","","Laporan Bulanan C3MR Periode 202502","","","","","","","","","","","","","","","","","","","","","","","","","","","","","","","","","","","","","","","","","","","","","","","","","","","","","","","","","","","","","","","","","","","","","","","","","","","","","","","","","","","","","","","",""
"","JAKARTA OUTER","39,756,991","25,677,547","64.59%","65.90%","  14,079,444 ","  13,284,304 ","11.48%","4","","","","","Indramayu","1,044,190","55,930","5.36%","5.47%","  988,260 ","  967,376 ","","8","","","","","","","","","","","","","","","","","","","","","","","","","","","","","","","","","","","","","","","","","","","","","","","","","","","","","","","","","","","","","","","","","","","","","","","","WITEL","BILL CATEGORY","","","","","","","","","","","","","","","","","","","","","","","","","","","","","","","","","","","","","","","","","","","","","","","","","","","","","","","","","","","","","","","","","","","","","","","","","","","","","","","","","","","","","","","Download"
"","BANTEN","24,613,282","10,807,900","43.91%","44.81%","  13,805,382 ","  13,313,116 ","-51.79%","8","","","","","Kuningan","76,699","66,995","87.35%","89.13%","  9,704 ","  8,170 ","","4","","","","","","","","","","","","","","","","","","","","","","","","","","","","","","","","","","","","","","","","","","","","","","","","","","","","","","","","","","","","","","","","","","","","","","","","","","","","","","","","","","","","","","","","","","","","","","","","","","","","","","","","","","","","","","","","","","","","","","","","","","","","","","","","","","","","","","","","","","","","","","","","","","","","","","","","","","","","","","","",""
"","PRIANGAN BARAT","28,804,822","19,077,985","66.23%","67.58%","  9,726,837 ","  9,150,741 ","-4.71%","3","","","","","Majalengka","111,251","23,310","20.95%","21.38%","  87,941 ","  85,716 ","","7","","","","","","","","","","","","","","","","","","","","","","","","","","","","","","","","","","","","","","","","","","","","","","","","","","","","","","","","","","","","","","","","","","","","","","","","914 - Priangan Timur","Eksisting","34,346","12,398,721,550","12,056,900,386","97.24%","113,810","0.00%","33,561","12,057,014,196","97.71%","97.24%","798","341,707,354","","","","","","","","","","","","","","","","","","","","","","","","","","","","","","","","","","","","","","","","","","","","","","","","","","","","","","","","","","","","","","","39","17,125,140","249,750","1.46%","627,705","3.67%","3","877,455","7.69%","5.12%","36","16,247,685",""
"","BEKASI KARAWANG","21,155,722","12,852,743","60.75%","61.99%","  8,302,979 ","  7,879,865 ","-19.43%","6","","","","","Inner - Priangan Timur","3,102,724","2,921,624","94.16%","96.08%","  181,100 ","  119,046 ","","3","","","","","","","","","","","","","","","","","","","","","","","","","","","","","","","","","","","","","","","","","","","","","","","","","","","","","","","","","","","","","","","","","","","","","","","","","PRANPC","1,540","499,566,028","166,168,302","33.26%","438,450","0.09%","602","166,606,752","39.09%","33.35%","940","332,959,276","","","","","","","","","","","","","","","","","","","","","","","","","","","3","","","","","","","","","","","","","","","","","","","","","","","","","","","","","","","","","","","","95","39,083,957","3,386,511","8.66%","0","0.00%","8","3,386,511","8.42%","8.66%","90","35,697,446",""
"","BANDUNG","17,738,791","10,305,288","58.09%","59.28%","  7,433,503 ","  7,078,727 ","-10.97%","7","","","","","Singaparna","6,623,702","6,422,533","96.96%","98.94%","  201,169 ","  68,695 ","","1","","","","","","","","","","","","","","","","","","","","","","","","","","","","","","","","","","","","","","","","","","","","","","","","","","","","","","","","","","","","","","","","","","","","","","","","","PSB","849","195,992,493","195,992,493","100.00%","0","0.00%","849","195,992,493","100.00%","100.00%","0","0","","","","","","","","","","","","","","","","","","","","","","","","","","","4","","","","","","","","","","","","","","","","","","","","","","","","","","","","","","","","","","","","76","31,809,714","1,110,555","3.49%","394,050","1.24%","4","1,504,605","5.26%","4.73%","72","30,305,109",""
"","PRIANGAN TIMUR","26,192,201","21,032,717","80.30%","81.94%","  5,159,484 ","  4,635,640 ","12.07%","1","","","","","Tasikmalaya","4,102,160","3,864,741","94.21%","96.14%","  237,419 ","  155,376 ","","2","","","","","","","","","","","","","","","","","","","","","","","","","","","","","","","","","","","","","","","","","","","","","","","","","","","","","","","","","","","","","","","","","","","","","","","","","WINBACK","91","10,043,481","7,944,374","79.10%","0","0.00%","69","7,944,374","75.82%","79.10%","22","2,099,107","","","","","","","","","","","","","","","","","","","","","","","","","","","1","","","","","","","","","","","","","","","","","","","","","","","","","","","","","","","","","","","","50","29,406,564","8,141,850","27.69%","0","0.00%","8","8,141,850","16.00%","27.69%","42","21,264,714",""
"","TREG 2","251,993,396","167,222,791","66.36%","67.71%","  84,770,605 ","  79,730,737 ","","","","","","","TREG 2","26,192,201","21,032,717","80.30%","81.94%","  5,159,484 ","  4,635,640 ","","","","","","","","","","","","","","","","","","","","","","","","","","","","","","","","","","","","","","","","","","","","","","","","","","","","","","","","","","","","","","","","","","","","","","","","","","TOTAL 914 - Priangan Timur","","36,826","13,104,323,552","12,427,005,555","94.83%","552,260","0.00%","35,081","12,427,557,815","95.26%","94.84%","1,760","676,765,737","","","","","","","","","","","","","","","","","","","","","","","","","","","8","","","","","","","","","","","","","","","","","","","","","","","","","","","","","","","","","","","","737","225,238,631","26,796,905","11.90%","0","0.00%","117","26,796,905","15.88%","11.90%","623","198,441,726",""
"","","","","","","","","","","","","","","","","","","","","","","","","","","","","","","","","","","","","","","","","","","","","","","","","","","","","","","","","","","","","","","","","","","","","","","","","","","","","","","","","","","","","","","","","","","","","","","GRAND TOTAL","","36,826","13,104,323,552","12,427,005,555","94.83%","552,260","0.00%","35,081","12,427,557,815","95.26%","94.84%","1,760","676,765,737","","","","","","","","","","","","","","","","","","","","","","","","","","","2,982","","","","","","","","","","","","","","","","","","","","","","","","","","","","","","","","","","","","997","342,664,006","39,685,571","11.58%","1,021,755","0.30%","140","40,707,326","14.04%","11.88%","863","301,956,680",""
"","","","","","","","","","","","","","","","","","","","","","","","","","","","","","","","","","","","","","","","","","","","","","","","","","","","","","","","","","","","","","","","","","","","","","","","","","","","","","","","","","","","","","","","","","","","","","","","","","","","","","","","","","","","","","","","","","","","","","","","","","","","","","","","","","","","","","","118","","","","","","","","","","","","","","","","","","","","","","","","","","","","","","","","","","","","","","","","","","","","","","","",""
"","WITEL","","","","","","","","","","","","","BINTANG 11 C3MR PER-USIA","","","","","","","","","","","","","","","","","","","","","","","","","","","","","","","","","","","","","","","","","","","","","","","","","","","","","","","","","","","","","","","","","","","","","","","","","","","","","","","","","","","","","","","","","","","","","","","","","","","","","","","","","","","","","","","","","","","","","","","","42","","","","","","","","","","","","","","","","","","","","","","","","","","","","","","","","","","","","","","","","","","","","","","","",""
"","","","","","","","","","","","","","","","","","","98.00%","","","","","","","","","","","","","","","","","","","","","","","","","","","","","","","","","","","","","","","","","","","","","","","","","","","","","","","","","","","","","","","","","","","","","","","","","","","","Laporan Bulanan C3MR Periode 202501","","","","","","","","","","","","","","","","","","","","","","","","","","","","","","","","","","","","","","","","5","","","","","","","","","","","","","","","","","","","","","","","","","","","","","","","","","","","","","","","","","","","","","","","",""
"","JAKARTA INNER","1030528800.0%","","","","","","","","","","","","WITEL","","","","","","","","","","","","","","","","","","","","","","","","","","","","","","","","","","","","","","","","","","","","","","","","","","","","","","","","","","","","","","","","","","","","","","","","","","","","","","","","WITEL","BILL CATEGORY","","","","","","","","","","","","","","","","","UMUR CUSTOMER","Billing","","","","","","","","","","","","Download","","","","","","","","","3,147","","","","","","","","","","","","","","","","","","","","","","","","","","","","","","","","","","","","","","","","","","","","","","","",""
"","JAKARTA CENTRUM","2103271700.0%","","","","","","","","","","","","00-03 Bln","694,220,311","587,359,485","84.61%","86.33%","  106,860,826 ","  92,976,420 ","-9.75%","6","","","","","","","","","","","","","","","","","","","","","","","","","","","","","","","","","","","","","","","","","","","","","","","","","","","","","","","","","","","","","","","","","","","","","","","","","","","","","","","","","","","","","","","","","","","L11","","","","","","","","","","","","","","","","","","","","","3,155","","","","","","","","","","","","","","","","","","","","","","","","","","","","","","","","","","","","","","","","","","","","","","","",""
"","JAKARTA OUTER","16722279100.0%","","","","","","","","","","","","04-06 Bln","1,005,025,955","850,831,702","84.66%","86.39%","  154,194,253 ","  134,093,734 ","-7.28%","5","","","","","","","","","","","","","","","","","","","","","","","","","","","","","","","","","","","","","","","","","","","","","","","","","","","","","","","","","","","","","","","","","","","","","","","","914 - Priangan Timur","Eksisting","34,253","12,386,863,352","12,022,106,230","97.06%","3,503,474","0.03%","33,329","12,025,609,704","97.30%","97.08%","930","361,253,648","","","","","00-03 Bln","39","17,125,140","249,750","1.46%","627,705","3.67%","3","877,455","7.69%","5.12%","36","16,247,685","","","","","","","","","","","","","","","","","","","","","","","","","","","","","","","","","","","","","","","","","","","","","","","","","","","","","","","","","",""
"","BANTEN","","","","","","","","","","","","","07-09 Bln","1,100,864,777","923,905,504","83.93%","85.64%","  176,959,273 ","  154,941,977 ","-10.86%","8","","","","","","","","","","","","","","","","","","","","","","","","","","","","","","","","","","","","","","","","","","","","","","","","","","","","","","","","","","","","","","","","","","","","","","","","","PRANPC","1,276","286,080,352","88,814,949","31.05%","1,045,935","0.37%","478","89,860,884","37.46%","31.41%","802","196,219,468","","","","","04-06 Bln","95","39,083,957","3,386,511","8.66%","0","0.00%","8","3,386,511","8.42%","8.66%","90","35,697,446","","","","","","","","","","","","","","","","","","","","","","","","","","","","","","","","","","","","","","","","","","","","","","","","","","","","","","","","","",""
"","PRIANGAN BARAT","","","","","","","","","","","","","10-12 Bln","914,461,080","768,559,064","84.05%","85.76%","  145,902,016 ","  127,612,794 ","-10.93%","7","","","","","","","","","","","","","","","","","","","","","","","","","","","","","","","","","","","","","","","","","","","","","","","","","","","","","","","","","","","","","","","","","","","","","","","","","PSB","820","184,389,447","184,126,054","99.86%","0","0.00%","819","184,126,054","99.88%","99.86%","1","263,393","","","","","07-09 Bln","76","31,809,714","1,110,555","3.49%","394,050","1.24%","4","1,504,605","5.26%","4.73%","72","30,305,109","","","","","","","","","","","","","","","","","","","","","","","","","","","","","","","","","","","","","","","","","","","","","","","","","","","","","","","","","",""
"","BPC I","","","","","","","","","","","","","> 12 Bln","10,258,020,221","9,416,784,218","91.80%","93.67%","  841,236,003 ","  636,075,599 ","-4.03%","2","","","","","","","","","","","","","","","","","","","","","","","","","","","","","","","","","","","","","","","","","","","","","","","","","","","","","","","","","","","","","","","","","","","","","","","","","WINBACK","86","11,224,781","9,410,794","83.84%","-26,640","-0.24%","70","9,384,154","81.40%","83.60%","16","1,840,627","","","","","10-12 Bln","50","29,406,564","8,141,850","27.69%","0","0.00%","8","8,141,850","16.00%","27.69%","42","21,264,714","","","","","","","","","","","","","","","","","","","","","","","","","","","","","","","","","","","","","","","","","","","","","","","","","","","","","","","","","",""
"","BEKASI KARAWANG","","","","","","","","","","","","","PSB tgl 1-10","75,346,522","66,672,950","88.49%","90.29%","  8,673,572 ","  7,166,642 ","-10.37%","4","","","","","","","","","","","","","","","","","","","","","","","","","","","","","","","","","","","","","","","","","","","","","","","","","","","","","","","","","","","","","","","","","","","","","","","","TOTAL 914 - Priangan Timur","","36,435","12,868,557,932","12,304,458,027","95.62%","4,522,769","0.04%","34,696","12,308,980,796","95.23%","95.65%","1,749","559,577,136","","","","","> 12 Bln","737","225,238,631","26,796,905","11.90%","0","0.00%","117","26,796,905","15.88%","11.90%","623","198,441,726","","","","","","","","","","","","","","","","","","","","","","","","","","","","","","","","","","","","","","","","","","","","","","","","","","","","","","","","","",""
"","BANDUNG","","","","","","","","","","","","","PSB tgl 11-20","70,067,424","66,372,015","94.73%","96.66%","  3,695,409 ","  2,294,061 ","-1.22%","1","","","","","","","","","","","","","","","","","","","","","","","","","","","","","","","","","","","","","","","","","","","","","","","","","","","","","","","","","","","","","","","","","","","","","","","","GRAND TOTAL","","36,435","12,868,557,932","12,304,458,027","95.62%","4,522,769","0.04%","34,696","12,308,980,796","95.23%","95.65%","1,749","559,577,136","","","","","GRAND TOTAL","997","342,664,006","39,685,571","11.58%","1,021,755","0.30%","140","40,707,326","14.04%","11.88%","863","301,956,680","","","","","","","","","","","","","","","","","","","","","","","","","","","","","","","","","","","","","","","","","","","","","","","","","","","","","","","","","",""
"","PRIANGAN TIMUR","","","","","","","","","","","","","PSB tgl 21-31","27,167,080","24,270,779","89.34%","91.16%","  2,896,301 ","  2,352,959 ","-10.66%","3","","","","","","","","","","","","","","","","","","","","","","","","","","","","","","","","","","","","","","","","","","","","","","","","","","","","","","","","","","","","","","","","","","","","","","","","","","","","","","","","","","","","","","","","","","","","","","","","","","","","","","","","","","","","","","","","","","","","","","","","","","","","","","","","","","","","","","","","","","","","","","","","","","","","","","","","","","","","","","","",""
"","BPC II","","","","","","","","","","","","","PRITI","14,145,173,370","12,704,755,717","89.82%","91.65%","  1,440,417,653 ","  1,157,514,186 ","","","","","","","","","","","","","","","","","","","","","","","","","","","","","","","","","","","","","","","","","","","","","","","","","","","","","","","","","","","","","","","","","","","","","","","","","","","","","","","","","","","","","","","","","","","","","","","","","","","","","","","","","","","","","","","","","","","","","","","","","","","","","","","","","","","","","","","","","","","","","","","","","","","","","","","","","","","","","","","","","",""
"","TOTAL TR2","","","","","","","","","","","","","","","","","","","","","","","","","","","","","","","","","","","","","","","","","","","","","","","","","","","","","","","","","","","","","","","","","","","","","","","","","","","","","","","","","","","","","","","","","","","","","","","","","","","","","","","","","","","","","","","","","","","","","","","","","","","","","","","","","","","","","","","","","","","","","","","","","","","","","","","","","","","","","","","","","","","","","","","","","","","","","","","","","","","","",""
"","","","","","","","","","","","","","","BINTANG 9 PRANPC PER-USIA","","","","","","","","","","","","","","","","","","","","","","","","","","","","","","","","","","","","","","","","","","","","","","","","","","","","","","","","","","","","","","","","","","","","","","","","","","","","","","","","","","","","","","","","","","","","","","","","","","","","","","","","","","","","","","","","","","","","","","","","","","","","","","","","","","","","","","","","","","","","","","","","","","","","","","","","","","","","","","","","","","","","","","","",""
"","","","","","","","","","","","","","","","","","","60.00%","","","","","","","","","","","","","","","","","","","","","","","","","","","","","","","","","","","","","","","","","","","","","","","","","","","","","","","","","","","","","","","","","","","","","","","","","","","","","","","","","","","","","","","","","","","","","","","","","","","","","","","","","","","","","","","","","","","","","","","","","","","","","","","","","","","","","","","","","","","","","","","","","","","","","","","","","","","","","","","","","","","",""
"","","","","","","","","","","","","","","WITEL","","","","","","","","","","","","","","","","","","","","","","","","","","","","","","","","","","","","","","","","","","","","","","","","","","","","","","","","","","","","","","","","","","","","","","","","","","","","","","","","","","","","","","","","","","","","","","","","","","","","","","","","","","","","","","","","","","","","","","","","","","","","","","","","","","","","","","","","","","","","","","","","","","","","","","","","","","","","","","","","","","","","","","","",""
"","","","","","","","","","","","","","","00-03 Bln","17,125,140","249,750","1.46%","2.43%","  16,875,390 ","  16,532,887 ","-4.46%","5","","","","","","","","","","","","","","","","","","","","","","","","","","","","","","","","","","","","","","","","","","","","","","","","","","","","","","","","","","","","","","","","","","","","","","","","","","","","","","","","","","","","","","","","","","","","","","","","","","","","","","","","","","","","","","","","","","","","","","","","","","","","","","","","","","","","","","","","","","","","","","","","","","","","","","","","","","","","","","","",""
"","","","","","","","","","","","","","","04-06 Bln","39,083,957","3,386,511","8.66%","14.44%","  35,697,446 ","  34,915,767 ","0.10%","3","","","","","","","","","","","","","","","","","","","","","","","","","","","","","","","","","","","","","","","","","","","","","","","","","","","","","","","","","","","","","","","","","","","","","","","","","","","","","","","","","","","","","","","","","","","","","","","","","","","","","","","","","","","","","","","","","","","","","","","","","","","","","","","","","","","","","","","","","","","","","","","","","","","","","","","","","","","","","","","",""
"","","","","","","","","","","","","","","07-09 Bln","31,809,714","1,110,555","3.49%","5.82%","  30,699,159 ","  30,062,965 ","-7.96%","4","","","","","","","","","","","","","","","","","","","","","","","","","","","","","","","","","","","","","","","","","","","","","","","","","","","","","","","","","","","","","","","","","","","","","","","","","","","","","","","","","","","","","","","","","","","","","","","","","","","","","","","","","","","","","","","","","","","","","","","","","","","","","","","","","","","","","","","","","","","","","","","","","","","","","","","","","","","","","","","",""
"","","","","","","","","","","","","","","10-12 Bln","29,406,564","8,141,850","27.69%","46.15%","  21,264,714 ","  20,676,583 ","3.12%","1","","","","","","","","","","","","","","","","","","","","","","","","","","","","","","","","","","","","","","","","","","","","","","","","","","","","","","","","","","","","","","","","","","","","","","","","","","","","","","","","","","","","","","","","","","","","","","","","","","","","","","","","","","","","","","","","","","","","","","","","","","","","","","","","","","","","","","","","","","","","","","","","","","","","","","","","","","","","","","","",""
"","","","","","","","","","","","","","","> 12 Bln","225,238,631","26,796,905","11.90%","19.83%","  198,441,726 ","  193,936,953 ","-3.56%","2","","","","","","","","","","","","","","","","","","","","","","","","","","","","","","","","","","","","","","","","","","","","","","","","","","","","","","","","","","","","","","","","","","","","","","","","","","","","","","","","","","","","","","","","","","","","","","","","","","","","","","","","","","","","","","","","","","","","","","","","","","","","","","","","","","","","","","","","","","","","","","","","","","","","","","","","","","","","","","","",""
"","","","","","","","","","","","","","","PSB tgl 1-10","342,664,006","39,685,571","","0.00%","  302,978,435 ","  296,125,155 ","","","","","","","","","","","","","","","","","","","","","","","","","","","","","","","","","","","","","","","","","","","","","","","","","","","","","","","","","","","","","","","","","","","","","","","","","","","","","","","","","","","","","","","","","","","","","","","","","","","","","","","","","","","","","","","","","","","","","","","","","","","","","","","","","","","","","","","","","","","","","","","","","","","","","","","","","","","","","","","","","",""
"","","","","","","","","","","","","","","PSB tgl 11-20","","","","0.00%","  - ","  - ","","","","","","","","","","","","","","","","","","","","","","","","","","","","","","","","","","","","","","","","","","","","","","","","","","","","","","","","","","","","","","","","","","","","","","","","","","","","","","","","","","","","","","","","","","","","","","","","","","","","","","","","","","","","","","","","","","","","","","","","","","","","","","","","","","","","","","","","","","","","","","","","","","","","","","","","","","","","","","","","","",""
"","","","","","","","","","","","","","","PSB tgl 21-31","","","","0.00%","","","","","","","","","","","","","","","","","","","","","","","","","","","","","","","","","","","","","","","","","","","","","","","","","","","","","","","","","","","","","","","","","","","","","","","","","","","","","","","","","","","","","","","","","","","","","","","","","","","","","","","","","","","","","","","","","","","","","","","","","","","","","","","","","","","","","","","","","","","","","","","","","","","","","","","","","","","","","","","","","","","",""
"","","","","","","","","","","","","","","TREG 2","685,328,012","79,371,142","11.58%","11.82%","  605,956,870 ","  592,250,310 ","","","","","","","","","","","","","","","","","","","","","","","","","","","","","","","","","","","","","","","","","","","","","","","","","","","","","","","","","","","","","","","","","","","","","","","","","","","","","","","","","","","","","","","","","","","","","","","","","","","","","","","","","","","","","","","","","","","","","","","","","","","","","","","","","","","","","","","","","","","","","","","","","","","","","","","","","","","","","","","","","",""
"","","","","","","","","","","","","","","BINTANG 11 C3MR PER CATEGORY","","","","","","","","","","","","","","","","","","","","","","","","","","","","","","","","","","","","","","","","","","","","","","","","","","","","","","","","","","","","","","","","","","","","","","","","","","","","","","","","","","","","","","","","","","","","","","","","","","","","","","","","","","","","","","","","","","","","","","","","","","","","","","","","","","","","","","","","","","","","","","","","","","","","","","","","","","","","","","","","","","","","","","","",""
"","","","","","","","","","","","","","","","","","","98%","","","","","","","","","","","","","","","","","","","","","","","","","","","","","","","","","","","","","","","","","","","","","","","","","","","","","","","","","","","","","","","","","","","","","","","","","","","","","","","","","","","","","","","","","","","","","","","","","","","","","","","","","","","","","","","","","","","","","","","","","","","","","","","","","","","","","","","","","","","","","","","","","","","","","","","","","","","","","","","","","","","",""
"","","","","","","","","","","","","","","WITEL","","","","","","","","","","","","","","","","","","","","","","","","","","","","","","","","","","","","","","","","","","","","","","","","","","","","","","","","","","","","","","","","","","","","","","","","","","","","","","","","","","","","","","","","","","","","","","","","","","","","","","","","","","","","","","","","","","","","","","","","","","","","","","","","","","","","","","","","","","","","","","","","","","","","","","","","","","","","","","","","","","","","","","","",""
"","","","","","","","","","","","","","","Eksisting","13,607,334,426","12,479,487,516","91.71%","93.58%","  1,127,846,910 ","  855,700,221 ","-5.39%","","","","","","","","","","","","","","","","","","","","","","","","","","","","","","","","","","","","","","","","","","","","","","","","","","","","","","","","","","","","","","","","","","","","","","","","","","","","","","","","","","","","","","","","","","","","","","","","","","","","","","","","","","","","","","","","","","","","","","","","","","","","","","","","","","","","","","","","","","","","","","","","","","","","","","","","","","","","","","","","",""
"","","","","","","","","","","","","","","PRANPC","342,664,006","54,184,098","15.81%","16.14%","  288,479,908 ","  281,626,628 ","-2.14%","","","","","","","","","","","","","","","","","","","","","","","","","","","","","","","","","","","","","","","","","","","","","","","","","","","","","","","","","","","","","","","","","","","","","","","","","","","","","","","","","","","","","","","","","","","","","","","","","","","","","","","","","","","","","","","","","","","","","","","","","","","","","","","","","","","","","","","","","","","","","","","","","","","","","","","","","","","","","","","","",""
"","","","","","","","","","","","","","","PSB","172,581,026","157,315,744","91.15%","93.02%","  15,265,282 ","  11,813,661 ","-6.89%","","","","","","","","","","","","","","","","","","","","","","","","","","","","","","","","","","","","","","","","","","","","","","","","","","","","","","","","","","","","","","","","","","","","","","","","","","","","","","","","","","","","","","","","","","","","","","","","","","","","","","","","","","","","","","","","","","","","","","","","","","","","","","","","","","","","","","","","","","","","","","","","","","","","","","","","","","","","","","","","",""
"","","","","","","","","","","","","","","WINBACK","22,593,912","13,768,359","60.94%","62.18%","  8,825,553 ","  8,373,675 ","24.71%","","","","","","","","","","","","","","","","","","","","","","","","","","","","","","","","","","","","","","","","","","","","","","","","","","","","","","","","","","","","","","","","","","","","","","","","","","","","","","","","","","","","","","","","","","","","","","","","","","","","","","","","","","","","","","","","","","","","","","","","","","","","","","","","","","","","","","","","","","","","","","","","","","","","","","","","","","","","","","","","",""
"","","","","","","","","","","","","","","GRAND TOTAL","14,145,173,370","12,704,755,717","89.82%","91.65%","  1,440,417,653 ","  1,157,514,186 ","","","","","","","","","","","","","","","","","","","","","","","","","","","","","","","","","","","","","","","","","","","","","","","","","","","","","","","","","","","","","","","","","","","","","","","","","","","","","","","","","","","","","","","","","","","","","","","","","","","","","","","","","","","","","","","","","","","","","","","","","","","","","","","","","","","","","","","","","","","","","","","","","","","","","","","","","","","","","","","","","",""
"","","","","","","","","","","","","","","BINTANG 11 C3MR PER-USIA","","","","","","","","","","","","","","","","","","","","","","","","","","","","","","","","","","","","","","","","","","","","","","","","","","","","","","","","","","","","","","","","","","","","","","","","","","","","","","","","","","","","","","","","","","","","","","","","","","","","","","","","","","","","","","","","","","","","","","","","","","","","","","","","","","","","","","","","","","","","","","","","","","","","","","","","","","","","","","","","","","","","","","","",""
"","","","","","","","","","","","","","","","","","","98.00%","","","","","","","","","","","","","","","","","","","","","","","","","","","","","","","","","","","","","","","","","","","","","","","","","","","","","","","","","","","","","","","","","","","","","","","","","","","","","","","","","","","","","","","","","","","","","","","","","","","","","","","","","","","","","","","","","","","","","","","","","","","","","","","","","","","","","","","","","","","","","","","","","","","","","","","","","","","","","","","","","","","",""
"","","","","","","","","","","","","","","WITEL","","","","","","","","","","","","","","","","","","","","","","","","","","","","","","","","","","","","","","","","","","","","","","","","","","","","","","","","","","","","","","","","","","","","","","","","","","","","","","","","","","","","","","","","","","","","","","","","","","","","","","","","","","","","","","","","","","","","","","","","","","","","","","","","","","","","","","","","","","","","","","","","","","","","","","","","","","","","","","","","","","","","","","","",""
"","","","","","","","","","","","","","","00-03 Bln","77,624,585","74,772,107","96.33%","98.29%","  2,852,478 ","  1,299,986 ","54.54%","","","","","","","","","","","","","","","","","","","","","","","","","","","","","","","","","","","","","","","","","","","","","","","","","","","","","","","","","","","","","","","","","","","","","","","","","","","","","","","","","","","","","","","","","","","","","","","","","","","","","","","","","","","","","","","","","","","","","","","","","","","","","","","","","","","","","","","","","","","","","","","","","","","","","","","","","","","","","","","","",""
"","","","","","","","","","","","","","","04-06 Bln","106,092,196","101,785,056","95.94%","97.90%","  4,307,140 ","  2,185,296 ","51.82%","","","","","","","","","","","","","","","","","","","","","","","","","","","","","","","","","","","","","","","","","","","","","","","","","","","","","","","","","","","","","","","","","","","","","","","","","","","","","","","","","","","","","","","","","","","","","","","","","","","","","","","","","","","","","","","","","","","","","","","","","","","","","","","","","","","","","","","","","","","","","","","","","","","","","","","","","","","","","","","","",""
"","","","","","","","","","","","","","","07-09 Bln","140,127,368","135,627,539","96.79%","98.76%","  4,499,829 ","  1,697,282 ","51.82%","","","","","","","","","","","","","","","","","","","","","","","","","","","","","","","","","","","","","","","","","","","","","","","","","","","","","","","","","","","","","","","","","","","","","","","","","","","","","","","","","","","","","","","","","","","","","","","","","","","","","","","","","","","","","","","","","","","","","","","","","","","","","","","","","","","","","","","","","","","","","","","","","","","","","","","","","","","","","","","","",""
"","","","","","","","","","","","","","","10-12 Bln","144,332,372","139,837,687","96.89%","98.86%","  4,494,685 ","  1,608,038 ","56.94%","","","","","","","","","","","","","","","","","","","","","","","","","","","","","","","","","","","","","","","","","","","","","","","","","","","","","","","","","","","","","","","","","","","","","","","","","","","","","","","","","","","","","","","","","","","","","","","","","","","","","","","","","","","","","","","","","","","","","","","","","","","","","","","","","","","","","","","","","","","","","","","","","","","","","","","","","","","","","","","","",""
"","","","","","","","","","","","","","","> 12 Bln","1,148,217,695","1,113,607,759","96.99%","98.97%","  34,609,936 ","  11,645,582 ","49.54%","","","","","","","","","","","","","","","","","","","","","","","","","","","","","","","","","","","","","","","","","","","","","","","","","","","","","","","","","","","","","","","","","","","","","","","","","","","","","","","","","","","","","","","","","","","","","","","","","","","","","","","","","","","","","","","","","","","","","","","","","","","","","","","","","","","","","","","","","","","","","","","","","","","","","","","","","","","","","","","","",""
"","","","","","","","","","","","","","","PSB tgl 1-10","6,747,176","6,747,176","100.00%","102.04%","  - ","  - ","56.69%","","","","","","","","","","","","","","","","","","","","","","","","","","","","","","","","","","","","","","","","","","","","","","","","","","","","","","","","","","","","","","","","","","","","","","","","","","","","","","","","","","","","","","","","","","","","","","","","","","","","","","","","","","","","","","","","","","","","","","","","","","","","","","","","","","","","","","","","","","","","","","","","","","","","","","","","","","","","","","","","",""
"","","","","","","","","","","","","","","PSB tgl 11-20","8,167,020","8,167,020","100.00%","102.04%","  - ","  - ","53.54%","","","","","","","","","","","","","","","","","","","","","","","","","","","","","","","","","","","","","","","","","","","","","","","","","","","","","","","","","","","","","","","","","","","","","","","","","","","","","","","","","","","","","","","","","","","","","","","","","","","","","","","","","","","","","","","","","","","","","","","","","","","","","","","","","","","","","","","","","","","","","","","","","","","","","","","","","","","","","","","","",""
"","","","","","","","","","","","","","","PSB tgl 21-31","1,782,061","1,782,061","100.00%","102.04%","  - ","  - ","67.79%","","","","","","","","","","","","","","","","","","","","","","","","","","","","","","","","","","","","","","","","","","","","","","","","","","","","","","","","","","","","","","","","","","","","","","","","","","","","","","","","","","","","","","","","","","","","","","","","","","","","","","","","","","","","","","","","","","","","","","","","","","","","","","","","","","","","","","","","","","","","","","","","","","","","","","","","","","","","","","","","",""
"","","","","","","","","","","","","","","TASIKMALAYA","1,633,090,473","1,582,326,405","96.89%","98.87%","  50,764,068 ","  18,102,259 ","","","","","","","","","","","","","","","","","","","","","","","","","","","","","","","","","","","","","","","","","","","","","","","","","","","","","","","","","","","","","","","","","","","","","","","","","","","","","","","","","","","","","","","","","","","","","","","","","","","","","","","","","","","","","","","","","","","","","","","","","","","","","","","","","","","","","","","","","","","","","","","","","","","","","","","","","","","","","","","","","",""
"","","","","","","","","","","","","","","BINTANG 11 C3MR PER CATEGORY","","","","","","","","","","","","","","","","","","","","","","","","","","","","","","","","","","","","","","","","","","","","","","","","","","","","","","","","","","","","","","","","","","","","","","","","","","","","","","","","","","","","","","","","","","","","","","","","","","","","","","","","","","","","","","","","","","","","","","","","","","","","","","","","","","","","","","","","","","","","","","","","","","","","","","","","","","","","","","","","","","","","","","","",""
"","","","","","","","","","","","","","","","","","","98%","","","","","","","","","","","","","","","","","","","","","","","","","","","","","","","","","","","","","","","","","","","","","","","","","","","","","","","","","","","","","","","","","","","","","","","","","","","","","","","","","","","","","","","","","","","","","","","","","","","","","","","","","","","","","","","","","","","","","","","","","","","","","","","","","","","","","","","","","","","","","","","","","","","","","","","","","","","","","","","","","","","",""
"","","","","","","","","","","","","","","WITEL","","","","","","","","","","","","","","","","","","","","","","","","","","","","","","","","","","","","","","","","","","","","","","","","","","","","","","","","","","","","","","","","","","","","","","","","","","","","","","","","","","","","","","","","","","","","","","","","","","","","","","","","","","","","","","","","","","","","","","","","","","","","","","","","","","","","","","","","","","","","","","","","","","","","","","","","","","","","","","","","","","","","","","","",""
"","","","","","","","","","","","","","","Eksisting","1,585,065,558","1,553,347,479","98.00%","100.00%","  31,718,079 ","  16,768 ","0.09%","","","","","","","","","","","","","","","","","","","","","","","","","","","","","","","","","","","","","","","","","","","","","","","","","","","","","","","","","","","","","","","","","","","","","","","","","","","","","","","","","","","","","","","","","","","","","","","","","","","","","","","","","","","","","","","","","","","","","","","","","","","","","","","","","","","","","","","","","","","","","","","","","","","","","","","","","","","","","","","","",""
"","","","","","","","","","","","","","","PRANPC","30,314,798","11,299,889","37.28%","38.04%","  19,014,909 ","  18,408,613 ","11.29%","","","","","","","","","","","","","","","","","","","","","","","","","","","","","","","","","","","","","","","","","","","","","","","","","","","","","","","","","","","","","","","","","","","","","","","","","","","","","","","","","","","","","","","","","","","","","","","","","","","","","","","","","","","","","","","","","","","","","","","","","","","","","","","","","","","","","","","","","","","","","","","","","","","","","","","","","","","","","","","","",""
"","","","","","","","","","","","","","","PSB","16,696,257","16,696,257","100.00%","102.04%","  - ","  - ","0.99%","","","","","","","","","","","","","","","","","","","","","","","","","","","","","","","","","","","","","","","","","","","","","","","","","","","","","","","","","","","","","","","","","","","","","","","","","","","","","","","","","","","","","","","","","","","","","","","","","","","","","","","","","","","","","","","","","","","","","","","","","","","","","","","","","","","","","","","","","","","","","","","","","","","","","","","","","","","","","","","","",""
"","","","","","","","","","","","","","","WINBACK","1,013,860","982,780","96.93%","98.91%","  31,080 ","  10,803 ","19.86%","","","","","","","","","","","","","","","","","","","","","","","","","","","","","","","","","","","","","","","","","","","","","","","","","","","","","","","","","","","","","","","","","","","","","","","","","","","","","","","","","","","","","","","","","","","","","","","","","","","","","","","","","","","","","","","","","","","","","","","","","","","","","","","","","","","","","","","","","","","","","","","","","","","","","","","","","","","","","","","","",""
"","","","","","","","","","","","","","","TASIKMALAYA","1,633,090,473","1,582,326,405","96.89%","98.87%","  50,764,068 ","  18,102,259 ","","","","","","","","","","","","","","","","","","","","","","","","","","","","","","","","","","","","","","","","","","","","","","","","","","","","","","","","","","","","","","","","","","","","","","","","","","","","","","","","","","","","","","","","","","","","","","","","","","","","","","","","","","","","","","","","","","","","","","","","","","","","","","","","","","","","","","","","","","","","","","","","","","","","","","","","","","","","","","","","","",""
"","","","","","","","","","","","","","","BINTANG 11 C3MR PER-USIA","","","","","","","","","","","","","","","","","","","","","","","","","","","","","","","","","","","","","","","","","","","","","","","","","","","","","","","","","","","","","","","","","","","","","","","","","","","","","","","","","","","","","","","","","","","","","","","","","","","","","","","","","","","","","","","","","","","","","","","","","","","","","","","","","","","","","","","","","","","","","","","","","","","","","","","","","","","","","","","","","","","","","","","",""
"","","","","","","","","","","","","","","","","","","98.00%","","","","","","","","","","","","","","","","","","","","","","","","","","","","","","","","","","","","","","","","","","","","","","","","","","","","","","","","","","","","","","","","","","","","","","","","","","","","","","","","","","","","","","","","","","","","","","","","","","","","","","","","","","","","","","","","","","","","","","","","","","","","","","","","","","","","","","","","","","","","","","","","","","","","","","","","","","","","","","","","","","","",""
"","","","","","","","","","","","","","","WITEL","","","","","","","","","","","","","","","","","","","","","","","","","","","","","","","","","","","","","","","","","","","","","","","","","","","","","","","","","","","","","","","","","","","","","","","","","","","","","","","","","","","","","","","","","","","","","","","","","","","","","","","","","","","","","","","","","","","","","","","","","","","","","","","","","","","","","","","","","","","","","","","","","","","","","","","","","","","","","","","","","","","","","","","",""
"","","","","","","","","","","","","","","00-03 Bln","14,145,173,370","12,704,755,717","89.82%","91.65%","  1,440,417,653 ","  1,157,514,186 ","53.54%","","","","","","","","","","","","","","","","","","","","","","","","","","","","","","","","","","","","","","","","","","","","","","","","","","","","","","","","","","","","","","","","","","","","","","","","","","","","","","","","","","","","","","","","","","","","","","","","","","","","","","","","","","","","","","","","","","","","","","","","","","","","","","","","","","","","","","","","","","","","","","","","","","","","","","","","","","","","","","","","",""
"","","","","","","","","","","","","","","04-06 Bln","","","","","  - ","  - ","67.79%","","","","","","","","","","","","","","","","","","","","","","","","","","","","","","","","","","","","","","","","","","","","","","","","","","","","","","","","","","","","","","","","","","","","","","","","","","","","","","","","","","","","","","","","","","","","","","","","","","","","","","","","","","","","","","","","","","","","","","","","","","","","","","","","","","","","","","","","","","","","","","","","","","","","","","","","","","","","","","","","",""
"","","","","","","","","","","","","","","07-09 Bln","","","","","  - ","  - ","","","","","","","","","","","","","","","","","","","","","","","","","","","","","","","","","","","","","","","","","","","","","","","","","","","","","","","","","","","","","","","","","","","","","","","","","","","","","","","","","","","","","","","","","","","","","","","","","","","","","","","","","","","","","","","","","","","","","","","","","","","","","","","","","","","","","","","","","","","","","","","","","","","","","","","","","","","","","","","","","",""
"","","","","","","","","","","","","","","10-12 Bln","","","","","","","","","","","","","","","","","","","","","","","","","","","","","","","","","","","","","","","","","","","","","","","","","","","","","","","","","","","","","","","","","","","","","","","","","","","","","","","","","","","","","","","","","","","","","","","","","","","","","","","","","","","","","","","","","","","","","","","","","","","","","","","","","","","","","","","","","","","","","","","","","","","","","","","","","","","","","","","","","","","","","","","",""
"","","","","","","","","","","","","","","> 12 Bln","","","","","","","","","","","","","","","","","","","","","","","","","","","","","","","","","","","","","","","","","","","","","","","","","","","","","","","","","","","","","","","","","","","","","","","","","","","","","","","","","","","","","","","","","","","","","","","","","","","","","","","","","","","","","","","","","","","","","","","","","","","","","","","","","","","","","","","","","","","","","","","","","","","","","","","","","","","","","","","","","","","","","","","",""
"","","","","","","","","","","","","","","PSB tgl 1-10","13,593,611,277","13,199,559,900","97.10%","99.08%","  394,051,377 ","  122,179,151 ","","","","","","","","","","","","","","","","","","","","","","","","","","","","","","","","","","","","","","","","","","","","","","","","","","","","","","","","","","","","","","","","","","","","","","","","","","","","","","","","","","","","","","","","","","","","","","","","","","","","","","","","","","","","","","","","","","","","","","","","","","","","","","","","","","","","","","","","","","","","","","","","","","","","","","","","","","","","","","","","","",""
"","","","","","","","","","","","","","","PSB tgl 11-20","306,328,192","54,990,348","17.95%","18.32%","  251,337,844 ","  245,211,280 ","","","","","","","","","","","","","","","","","","","","","","","","","","","","","","","","","","","","","","","","","","","","","","","","","","","","","","","","","","","","","","","","","","","","","","","","","","","","","","","","","","","","","","","","","","","","","","","","","","","","","","","","","","","","","","","","","","","","","","","","","","","","","","","","","","","","","","","","","","","","","","","","","","","","","","","","","","","","","","","","","",""
"","","","","","","","","","","","","","","PSB tgl 21-31","156,888,200","153,815,860","98.04%","100.04%","  3,072,340 ","  - ","","","","","","","","","","","","","","","","","","","","","","","","","","","","","","","","","","","","","","","","","","","","","","","","","","","","","","","","","","","","","","","","","","","","","","","","","","","","","","","","","","","","","","","","","","","","","","","","","","","","","","","","","","","","","","","","","","","","","","","","","","","","","","","","","","","","","","","","","","","","","","","","","","","","","","","","","","","","","","","","","",""
"","","","","","","","","","","","","","","SINGAPARNA","28,202,001,039","26,113,121,825","92.59%","94.48%","  2,088,879,214 ","  1,524,839,193 ","","","","","","","","","","","","","","","","","","","","","","","","","","","","","","","","","","","","","","","","","","","","","","","","","","","","","","","","","","","","","","","","","","","","","","","","","","","","","","","","","","","","","","","","","","","","","","","","","","","","","","","","","","","","","","","","","","","","","","","","","","","","","","","","","","","","","","","","","","","","","","","","","","","","","","","","","","","","","","","","","",""
"","","","","","","","","","","","","","","BINTANG 11 C3MR PER-USIA","","","","","","","","","","","","","","","","","","","","","","","","","","","","","","","","","","","","","","","","","","","","","","","","","","","","","","","","","","","","","","","","","","","","","","","","","","","","","","","","","","","","","","","","","","","","","","","","","","","","","","","","","","","","","","","","","","","","","","","","","","","","","","","","","","","","","","","","","","","","","","","","","","","","","","","","","","","","","","","","","","","","","","","",""
"","","","","","","","","","","","","","","","","","","98.00%","","","","","","","","","","","","","","","","","","","","","","","","","","","","","","","","","","","","","","","","","","","","","","","","","","","","","","","","","","","","","","","","","","","","","","","","","","","","","","","","","","","","","","","","","","","","","","","","","","","","","","","","","","","","","","","","","","","","","","","","","","","","","","","","","","","","","","","","","","","","","","","","","","","","","","","","","","","","","","","","","","","",""
"","","","","","","","","","","","","","","WITEL","","","","","","","","","","","","","","","","","","","","","","","","","","","","","","","","","","","","","","","","","","","","","","","","","","","","","","","","","","","","","","","","","","","","","","","","","","","","","","","","","","","","","","","","","","","","","","","","","","","","","","","","","","","","","","","","","","","","","","","","","","","","","","","","","","","","","","","","","","","","","","","","","","","","","","","","","","","","","","","","","","","","","","","",""
"","","","","","","","","","","","","","","00-03 Bln","77,624,585","74,772,107","96.33%","98.29%","  2,852,478 ","  1,299,986 ","","","","","","","","","","","","","","","","","","","","","","","","","","","","","","","","","","","","","","","","","","","","","","","","","","","","","","","","","","","","","","","","","","","","","","","","","","","","","","","","","","","","","","","","","","","","","","","","","","","","","","","","","","","","","","","","","","","","","","","","","","","","","","","","","","","","","","","","","","","","","","","","","","","","","","","","","","","","","","","","","",""
"","","","","","","","","","","","","","","04-06 Bln","106,092,196","101,785,056","95.94%","97.90%","  4,307,140 ","  2,185,296 ","","","","","","","","","","","","","","","","","","","","","","","","","","","","","","","","","","","","","","","","","","","","","","","","","","","","","","","","","","","","","","","","","","","","","","","","","","","","","","","","","","","","","","","","","","","","","","","","","","","","","","","","","","","","","","","","","","","","","","","","","","","","","","","","","","","","","","","","","","","","","","","","","","","","","","","","","","","","","","","","","",""
"","","","","","","","","","","","","","","07-09 Bln","140,127,368","135,627,539","96.79%","98.76%","  4,499,829 ","  1,697,282 ","0.09%","","","","","","","","","","","","","","","","","","","","","","","","","","","","","","","","","","","","","","","","","","","","","","","","","","","","","","","","","","","","","","","","","","","","","","","","","","","","","","","","","","","","","","","","","","","","","","","","","","","","","","","","","","","","","","","","","","","","","","","","","","","","","","","","","","","","","","","","","","","","","","","","","","","","","","","","","","","","","","","","",""
"","","","","","","","","","","","","","","10-12 Bln","144,332,372","139,837,687","96.89%","98.86%","  4,494,685 ","  1,608,038 ","11.29%","","","","","","","","","","","","","","","","","","","","","","","","","","","","","","","","","","","","","","","","","","","","","","","","","","","","","","","","","","","","","","","","","","","","","","","","","","","","","","","","","","","","","","","","","","","","","","","","","","","","","","","","","","","","","","","","","","","","","","","","","","","","","","","","","","","","","","","","","","","","","","","","","","","","","","","","","","","","","","","","",""
"","","","","","","","","","","","","","","> 12 Bln","1,148,217,695","1,113,607,759","96.99%","98.97%","  34,609,936 ","  11,645,582 ","0.99%","","","","","","","","","","","","","","","","","","","","","","","","","","","","","","","","","","","","","","","","","","","","","","","","","","","","","","","","","","","","","","","","","","","","","","","","","","","","","","","","","","","","","","","","","","","","","","","","","","","","","","","","","","","","","","","","","","","","","","","","","","","","","","","","","","","","","","","","","","","","","","","","","","","","","","","","","","","","","","","","",""
"","","","","","","","","","","","","","","PSB tgl 1-10","6,747,176","6,747,176","100.00%","102.04%","  - ","  - ","19.86%","","","","","","","","","","","","","","","","","","","","","","","","","","","","","","","","","","","","","","","","","","","","","","","","","","","","","","","","","","","","","","","","","","","","","","","","","","","","","","","","","","","","","","","","","","","","","","","","","","","","","","","","","","","","","","","","","","","","","","","","","","","","","","","","","","","","","","","","","","","","","","","","","","","","","","","","","","","","","","","","",""
"","","","","","","","","","","","","","","PSB tgl 11-20","8,167,020","8,167,020","100.00%","102.04%","  - ","  - ","","","","","","","","","","","","","","","","","","","","","","","","","","","","","","","","","","","","","","","","","","","","","","","","","","","","","","","","","","","","","","","","","","","","","","","","","","","","","","","","","","","","","","","","","","","","","","","","","","","","","","","","","","","","","","","","","","","","","","","","","","","","","","","","","","","","","","","","","","","","","","","","","","","","","","","","","","","","","","","","","",""
"","","","","","","","","","","","","","","PSB tgl 21-31","1,782,061","1,782,061","100.00%","102.04%","  - ","  - ","","","","","","","","","","","","","","","","","","","","","","","","","","","","","","","","","","","","","","","","","","","","","","","","","","","","","","","","","","","","","","","","","","","","","","","","","","","","","","","","","","","","","","","","","","","","","","","","","","","","","","","","","","","","","","","","","","","","","","","","","","","","","","","","","","","","","","","","","","","","","","","","","","","","","","","","","","","","","","","","","",""
"","","","","","","","","","","","","","","GARUT","1,633,090,473","1,582,326,405","96.89%","98.87%","  50,764,068 ","  18,102,259 ","","","","","","","","","","","","","","","","","","","","","","","","","","","","","","","","","","","","","","","","","","","","","","","","","","","","","","","","","","","","","","","","","","","","","","","","","","","","","","","","","","","","","","","","","","","","","","","","","","","","","","","","","","","","","","","","","","","","","","","","","","","","","","","","","","","","","","","","","","","","","","","","","","","","","","","","","","","","","","","","","",""
"","","","","","","","","","","","","","","BINTANG 11 C3MR PER-USIA","","","","","","","","","","","","","","","","","","","","","","","","","","","","","","","","","","","","","","","","","","","","","","","","","","","","","","","","","","","","","","","","","","","","","","","","","","","","","","","","","","","","","","","","","","","","","","","","","","","","","","","","","","","","","","","","","","","","","","","","","","","","","","","","","","","","","","","","","","","","","","","","","","","","","","","","","","","","","","","","","","","","","","","",""
"","","","","","","","","","","","","","","","","","","98.00%","","","","","","","","","","","","","","","","","","","","","","","","","","","","","","","","","","","","","","","","","","","","","","","","","","","","","","","","","","","","","","","","","","","","","","","","","","","","","","","","","","","","","","","","","","","","","","","","","","","","","","","","","","","","","","","","","","","","","","","","","","","","","","","","","","","","","","","","","","","","","","","","","","","","","","","","","","","","","","","","","","","",""
"","","","","","","","","","","","","","","WITEL","","","","","","","","","","","","","","","","","","","","","","","","","","","","","","","","","","","","","","","","","","","","","","","","","","","","","","","","","","","","","","","","","","","","","","","","","","","","","","","","","","","","","","","","","","","","","","","","","","","","","","","","","","","","","","","","","","","","","","","","","","","","","","","","","","","","","","","","","","","","","","","","","","","","","","","","","","","","","","","","","","","","","","","",""
"","","","","","","","","","","","","","","00-03 Bln","","","","","","","","","","","","","","","","","","","","","","","","","","","","","","","","","","","","","","","","","","","","","","","","","","","","","","","","","","","","","","","","","","","","","","","","","","","","","","","","","","","","","","","","","","","","","","","","","","","","","","","","","","","","","","","","","","","","","","","","","","","","","","","","","","","","","","","","","","","","","","","","","","","","","","","","","","","","","","","","","","","","","","","",""
"","","","","","","","","","","","","","","04-06 Bln","853,584,704","356,698,229","41.79%","42.64%","  496,886,475 ","  479,814,781 ","","","","","","","","","","","","","","","","","","","","","","","","","","","","","","","","","","","","","","","","","","","","","","","","","","","","","","","","","","","","","","","","","","","","","","","","","","","","","","","","","","","","","","","","","","","","","","","","","","","","","","","","","","","","","","","","","","","","","","","","","","","","","","","","","","","","","","","","","","","","","","","","","","","","","","","","","","","","","","","","","",""
"","","","","","","","","","","","","","","07-09 Bln","1,050,890,783","463,626,691","44.12%","45.02%","  587,264,092 ","  566,246,276 ","","","","","","","","","","","","","","","","","","","","","","","","","","","","","","","","","","","","","","","","","","","","","","","","","","","","","","","","","","","","","","","","","","","","","","","","","","","","","","","","","","","","","","","","","","","","","","","","","","","","","","","","","","","","","","","","","","","","","","","","","","","","","","","","","","","","","","","","","","","","","","","","","","","","","","","","","","","","","","","","","",""
"","","","","","","","","","","","","","","10-12 Bln","828,544,798","372,604,698","44.97%","45.89%","  455,940,100 ","  439,369,204 ","","","","","","","","","","","","","","","","","","","","","","","","","","","","","","","","","","","","","","","","","","","","","","","","","","","","","","","","","","","","","","","","","","","","","","","","","","","","","","","","","","","","","","","","","","","","","","","","","","","","","","","","","","","","","","","","","","","","","","","","","","","","","","","","","","","","","","","","","","","","","","","","","","","","","","","","","","","","","","","","","",""
"","","","","","","","","","","","","","","> 12 Bln","554,952,094","221,690,456","39.95%","40.76%","  333,261,638 ","  322,162,596 ","","","","","","","","","","","","","","","","","","","","","","","","","","","","","","","","","","","","","","","","","","","","","","","","","","","","","","","","","","","","","","","","","","","","","","","","","","","","","","","","","","","","","","","","","","","","","","","","","","","","","","","","","","","","","","","","","","","","","","","","","","","","","","","","","","","","","","","","","","","","","","","","","","","","","","","","","","","","","","","","","",""
"","","","","","","","","","","","","","","PSB tgl 1-10","10,340,570,328","4,906,799,671","47.45%","48.42%","  5,433,770,657 ","  5,226,959,250 ","","","","","","","","","","","","","","","","","","","","","","","","","","","","","","","","","","","","","","","","","","","","","","","","","","","","","","","","","","","","","","","","","","","","","","","","","","","","","","","","","","","","","","","","","","","","","","","","","","","","","","","","","","","","","","","","","","","","","","","","","","","","","","","","","","","","","","","","","","","","","","","","","","","","","","","","","","","","","","","","","",""
"","","","","","","","","","","","","","","PSB tgl 11-20","103,653,178","44,893,414","43.31%","44.20%","  58,759,764 ","  56,686,700 ","","","","","","","","","","","","","","","","","","","","","","","","","","","","","","","","","","","","","","","","","","","","","","","","","","","","","","","","","","","","","","","","","","","","","","","","","","","","","","","","","","","","","","","","","","","","","","","","","","","","","","","","","","","","","","","","","","","","","","","","","","","","","","","","","","","","","","","","","","","","","","","","","","","","","","","","","","","","","","","","","",""
"","","","","","","","","","","","","","","PSB tgl 21-31","60,548,105","28,130,875","46.46%","47.41%","  32,417,230 ","  31,206,268 ","","","","","","","","","","","","","","","","","","","","","","","","","","","","","","","","","","","","","","","","","","","","","","","","","","","","","","","","","","","","","","","","","","","","","","","","","","","","","","","","","","","","","","","","","","","","","","","","","","","","","","","","","","","","","","","","","","","","","","","","","","","","","","","","","","","","","","","","","","","","","","","","","","","","","","","","","","","","","","","","","",""
"","","","","","","","","","","","","","","BANJAR","13,792,743,990","6,394,444,034","46.36%","47.31%","  7,398,299,956 ","  7,122,445,076 ","","","","","","","","","","","","","","","","","","","","","","","","","","","","","","","","","","","","","","","","","","","","","","","","","","","","","","","","","","","","","","","","","","","","","","","","","","","","","","","","","","","","","","","","","","","","","","","","","","","","","","","","","","","","","","","","","","","","","","","","","","","","","","","","","","","","","","","","","","","","","","","","","","","","","","","","","","","","","","","","","",""
"","","","","","","","","","","","","","","BINTANG 11 C3MR ALL TREG","","","","","","","","","","","","","","","","","","","","","","","","","","","","","","","","","","","","","","","","","","","","","","","","","","","","","","","","","","","","","","","","","","","","","","","","","","","","","","","","","","","","","","","","","","","","","","","","","","","","","","","","","","","","","","","","","","","","","","","","","","","","","","","","","","","","","","","","","","","","","","","","","","","","","","","","","","","","","","","","","","","","","","","",""
"","","","","","","","","","","","","","","WITEL","","","","","","","","","","","Saldo Pra NPC (M)","","","","","","","","","","","","","","","","","","","","","","","","","","","","","","","","","","","","","","","","","","","","","","","","","","","","","","","","","","","","","","","","","","","","","","","","","","","","","","","","","","","","","","","","","","","","","","","","","","","","","","","","","","","","","","","","","","","","","","","","","","","","","","","","","","","","","","","","","","","","","","","","","","","","","","","","","","","","",""
"","","","","","","","","","","","","","","901 - Aceh","96.36%","6,153,493,602","5,916,114,520","95.96%","96.14%","0.18%","99%","0.22%","13391914.89","295","121,643,809","0.18%","","25","","","","","","","","","","","","","","","","","","","","","","","","","","","","","","","","","","","","","","","","","","","","","","","","","","","","","","","","","","","","","","","","","","","","","","","","","","","","","","","","","","","","","","","","","","","","","","","","","","","","","","","","","","","","","","","","","","","","","","","","","","","","","","","","","","","","","","","","","","","","","","","","","","","","","","","","","",""
"","","","","","","96.64%","","","","","","","","902 - Riau","97.69%","12,919,019,260","12,589,612,661","97.54%","97.45%","-0.09%","100%","0.24%","30977254.09","508","173,628,294","-0.09%","","6","","","","","","","","","","","","","","","","","","","","","","","","","","","","","","","","","","","","","","","","","","","","","","","","","","","","","","","","","","","","","","","","","","","","","","","","","","","","","","","","","","","","","","","","","","","","","","","","","","","","","","","","","","","","","","","","","","","","","","","","","","","","","","","","","","","","","","","","","","","","","","","","","","","","","","","","","",""
"","","","","","","97.28%","","","","","","","","903 - Sumbagsel","97.24%","6,779,235,425","6,563,085,455","97.04%","96.81%","-0.23%","100%","0.43%","29043072.27","376","93,885,878","-0.23%","","14","","","","","","","","","","","","","","","","","","","","","","","","","","","","","","","","","","","","","","","","","","","","","","","","","","","","","","","","","","","","","","","","","","","","","","","","","","","","","","","","","","","","","","","","","","","","","","","","","","","","","","","","","","","","","","","","","","","","","","","","","","","","","","","","","","","","","","","","","","","","","","","","","","","","","","","","","",""
"","","","","","","97.67%","","","","","","","","904 - Sumbar Jambi","97.57%","8,567,909,556","8,346,861,967","97.37%","97.42%","0.05%","100%","0.15%","12847386.79","451","114,432,419","0.05%","","8","","","","","","","","","","","","","","","","","","","","","","","","","","","","","","","","","","","","","","","","","","","","","","","","","","","","","","","","","","","","","","","","","","","","","","","","","","","","","","","","","","","","","","","","","","","","","","","","","","","","","","","","","","","","","","","","","","","","","","","","","","","","","","","","","","","","","","","","","","","","","","","","","","","","","","","","","",""
"","","","","","","96.35%","","","","","","","","905 - Lampung Bengkulu","96.30%","5,901,256,497","5,666,325,773","95.90%","96.02%","0.12%","99%","0.28%","16584233.61","422","133,123,998","0.12%","","26","","","","","","","","","","","","","","","","","","","","","","","","","","","","","","","","","","","","","","","","","","","","","","","","","","","","","","","","","","","","","","","","","","","","","","","","","","","","","","","","","","","","","","","","","","","","","","","","","","","","","","","","","","","","","","","","","","","","","","","","","","","","","","","","","","","","","","","","","","","","","","","","","","","","","","","","","",""
"","","","","","","97.39%","","","","","","","","906 - Sumut","96.87%","15,434,841,409","14,967,315,338","96.72%","96.97%","0.25%","100%","-0.10%","-15584465.1","868","247,566,979","0.25%","","13","","","","","","","","","","","","","","","","","","","","","","","","","","","","","","","","","","","","","","","","","","","","","","","","","","","","","","","","","","","","","","","","","","","","","","","","","","","","","","","","","","","","","","","","","","","","","","","","","","","","","","","","","","","","","","","","","","","","","","","","","","","","","","","","","","","","","","","","","","","","","","","","","","","","","","","","","",""
"","","","","","","96.69%","","","","","","","","907 - Jakarta Inner","97.54%","13,465,092,626","13,135,357,648","97.39%","97.55%","0.16%","100%","-0.01%","-1506300.6","1,121","187,880,376","0.16%","","5","","","","","","","","","","","","","","","","","","","","","","","","","","","","","","","","","","","","","","","","","","","","","","","","","","","","","","","","","","","","","","","","","","","","","","","","","","","","","","","","","","","","","","","","","","","","","","","","","","","","","","","","","","","","","","","","","","","","","","","","","","","","","","","","","","","","","","","","","","","","","","","","","","","","","","","","","",""
"","","","","","","96.13%","","","","","","","","908 - Jakarta Centrum","97.65%","14,942,231,368","14,558,279,022","97.50%","97.43%","-0.07%","100%","0.22%","32809908.85","1,191","178,622,333","-0.07%","","7","","","","","","","","","","","","","","","","","","","","","","","","","","","","","","","","","","","","","","","","","","","","","","","","","","","","","","","","","","","","","","","","","","","","","","","","","","","","","","","","","","","","","","","","","","","","","","","","","","","","","","","","","","","","","","","","","","","","","","","","","","","","","","","","","","","","","","","","","","","","","","","","","","","","","","","","","",""
"","","","","","","97.51%","","","","","","","","909 - Jakarta Outer","97.41%","18,725,719,399","18,192,125,487","97.31%","97.15%","-0.16%","100%","0.26%","48597779.57","1,532","262,379,379","-0.16%","","9","","","","","","","","","","","","","","","","","","","","","","","","","","","","","","","","","","","","","","","","","","","","","","","","","","","","","","","","","","","","","","","","","","","","","","","","","","","","","","","","","","","","","","","","","","","","","","","","","","","","","","","","","","","","","","","","","","","","","","","","","","","","","","","","","","","","","","","","","","","","","","","","","","","","","","","","","",""
"","","","","","","94.69%","","","","","","","","910 - Banten","97.02%","18,381,399,895","17,718,950,764","96.87%","96.40%","-0.47%","99%","0.62%","114683414.1","958","276,375,716","-0.47%","","21","","","","","","","","","","","","","","","","","","","","","","","","","","","","","","","","","","","","","","","","","","","","","","","","","","","","","","","","","","","","","","","","","","","","","","","","","","","","","","","","","","","","","","","","","","","","","","","","","","","","","","","","","","","","","","","","","","","","","","","","","","","","","","","","","","","","","","","","","","","","","","","","","","","","","","","","","",""
"","","","","","","95.94%","","","","","","","","911 - Priangan Barat","96.30%","16,006,929,238","15,406,111,908","96.15%","96.25%","0.10%","99%","0.05%","8560948.194","955","334,447,199","0.10%","","24","","","","","","","","","","","","","","","","","","","","","","","","","","","","","","","","","","","","","","","","","","","","","","","","","","","","","","","","","","","","","","","","","","","","","","","","","","","","","","","","","","","","","","","","","","","","","","","","","","","","","","","","","","","","","","","","","","","","","","","","","","","","","","","","","","","","","","","","","","","","","","","","","","","","","","","","","",""
"","","","","","","98.07%","","","","","","","","912 - Bekasi Karawang","95.73%","15,914,196,322","15,208,264,757","95.53%","95.56%","0.03%","98%","0.17%","26395382.05","1,176","378,325,758","0.03%","","28","","","","","","","","","","","","","","","","","","","","","","","","","","","","","","","","","","","","","","","","","","","","","","","","","","","","","","","","","","","","","","","","","","","","","","","","","","","","","","","","","","","","","","","","","","","","","","","","","","","","","","","","","","","","","","","","","","","","","","","","","","","","","","","","","","","","","","","","","","","","","","","","","","","","","","","","","",""
"","","","","","","94.19%","","","","","","","","913 - Bandung","96.95%","12,858,604,670","12,427,708,452","96.75%","96.65%","-0.10%","100%","0.30%","38708775.57","731","199,311,809","-0.10%","","18","","","","","","","","","","","","","","","","","","","","","","","","","","","","","","","","","","","","","","","","","","","","","","","","","","","","","","","","","","","","","","","","","","","","","","","","","","","","","","","","","","","","","","","","","","","","","","","","","","","","","","","","","","","","","","","","","","","","","","","","","","","","","","","","","","","","","","","","","","","","","","","","","","","","","","","","","",""
"","","","","","","95.29%","","","","","","","","914 - Priangan Timur","96.79%","13,904,451,432","13,386,931,177","96.59%","96.28%","-0.31%","99%","0.51%","71187364.03","789","239,567,302","-0.31%","","22","","","","","","","","","","","","","","","","","","","","","","","","","","","","","","","","","","","","","","","","","","","","","","","","","","","","","","","","","","","","","","","","","","","","","","","","","","","","","","","","","","","","","","","","","","","","","","","","","","","","","","","","","","","","","","","","","","","","","","","","","","","","","","","","","","","","","","","","","","","","","","","","","","","","","","","","","",""
"","","","","","","95.00%","","","","","","","","915 - Semarang Jateng Utara","96.01%","11,953,426,877","11,571,818,567","95.71%","96.81%","1.10%","100%","-0.80%","-95333422.39","1,152","370,363,232","1.10%","","15","","","","","","","","","","","","","","","","","","","","","","","","","","","","","","","","","","","","","","","","","","","","","","","","","","","","","","","","","","","","","","","","","","","","","","","","","","","","","","","","","","","","","","","","","","","","","","","","","","","","","","","","","","","","","","","","","","","","","","","","","","","","","","","","","","","","","","","","","","","","","","","","","","","","","","","","","",""
"","","","","","","96.33%","","","","","","","","916 - Yogya Jateng Selatan","98.24%","14,562,869,820","14,231,482,030","98.09%","97.72%","-0.37%","101%","0.52%","75081281.17","516","125,505,604","-0.37%","","4","","","","","","","","","","","","","","","","","","","","","","","","","","","","","","","","","","","","","","","","","","","","","","","","","","","","","","","","","","","","","","","","","","","","","","","","","","","","","","","","","","","","","","","","","","","","","","","","","","","","","","","","","","","","","","","","","","","","","","","","","","","","","","","","","","","","","","","","","","","","","","","","","","","","","","","","","",""
"","","","","","","95.76%","","","","","","","","917 - Solo Jateng Timur","98.29%","11,957,409,507","11,749,383,120","98.14%","98.26%","0.12%","101%","0.03%","3554684.43","425","120,275,867","0.12%","","1","","","","","","","","","","","","","","","","","","","","","","","","","","","","","","","","","","","","","","","","","","","","","","","","","","","","","","","","","","","","","","","","","","","","","","","","","","","","","","","","","","","","","","","","","","","","","","","","","","","","","","","","","","","","","","","","","","","","","","","","","","","","","","","","","","","","","","","","","","","","","","","","","","","","","","","","","",""
"","","","","","","96.26%","","","","","","","","918 - Bali","98.29%","7,853,180,603","7,696,775,332","98.09%","98.01%","-0.08%","101%","0.28%","22115882.69","273","56,315,414","-0.08%","","2","","","","","","","","","","","","","","","","","","","","","","","","","","","","","","","","","","","","","","","","","","","","","","","","","","","","","","","","","","","","","","","","","","","","","","","","","","","","","","","","","","","","","","","","","","","","","","","","","","","","","","","","","","","","","","","","","","","","","","","","","","","","","","","","","","","","","","","","","","","","","","","","","","","","","","","","","",""
"","","","","","","94.56%","","","","","","","","919 - Jatim Barat","97.13%","15,653,281,461","15,141,327,783","96.98%","96.73%","-0.25%","100%","0.40%","62704500.07","835","237,940,556","-0.25%","","16","","","","","","","","","","","","","","","","","","","","","","","","","","","","","","","","","","","","","","","","","","","","","","","","","","","","","","","","","","","","","","","","","","","","","","","","","","","","","","","","","","","","","","","","","","","","","","","","","","","","","","","","","","","","","","","","","","","","","","","","","","","","","","","","","","","","","","","","","","","","","","","","","","","","","","","","","",""
"","","","","","","95.93%","","","","","","","","920 - Nusa Tenggara","97.06%","11,200,980,028","10,864,300,798","96.86%","96.99%","0.13%","100%","0.07%","7370417.177","547","151,097,359","0.13%","","12","","","","","","","","","","","","","","","","","","","","","","","","","","","","","","","","","","","","","","","","","","","","","","","","","","","","","","","","","","","","","","","","","","","","","","","","","","","","","","","","","","","","","","","","","","","","","","","","","","","","","","","","","","","","","","","","","","","","","","","","","","","","","","","","","","","","","","","","","","","","","","","","","","","","","","","","","",""
"","","","","","","95.90%","","","","","","","","921 - Jatim Timur","97.33%","17,242,555,998","16,660,471,956","97.23%","96.62%","-0.61%","100%","0.71%","121707796.9","787","229,789,821","-0.61%","","19","","","","","","","","","","","","","","","","","","","","","","","","","","","","","","","","","","","","","","","","","","","","","","","","","","","","","","","","","","","","","","","","","","","","","","","","","","","","","","","","","","","","","","","","","","","","","","","","","","","","","","","","","","","","","","","","","","","","","","","","","","","","","","","","","","","","","","","","","","","","","","","","","","","","","","","","","",""
"","","","","","","95.96%","","","","","","","","922 - Suramadu","97.23%","16,239,649,070","15,767,126,754","97.13%","97.09%","-0.04%","100%","0.14%","22684036.76","903","200,468,387","-0.04%","","11","","","","","","","","","","","","","","","","","","","","","","","","","","","","","","","","","","","","","","","","","","","","","","","","","","","","","","","","","","","","","","","","","","","","","","","","","","","","","","","","","","","","","","","","","","","","","","","","","","","","","","","","","","","","","","","","","","","","","","","","","","","","","","","","","","","","","","","","","","","","","","","","","","","","","","","","","",""
"","","","","","","96.24%","","","","","","","","923 - Kaltimtara","97.12%","8,663,068,901","8,377,234,601","96.82%","96.70%","-0.12%","100%","0.42%","36337915.65","407","118,340,693","-0.12%","","17","","","","","","","","","","","","","","","","","","","","","","","","","","","","","","","","","","","","","","","","","","","","","","","","","","","","","","","","","","","","","","","","","","","","","","","","","","","","","","","","","","","","","","","","","","","","","","","","","","","","","","","","","","","","","","","","","","","","","","","","","","","","","","","","","","","","","","","","","","","","","","","","","","","","","","","","","",""
"","","","","","","95.85%","","","","","","","","924 - Balikpapan","96.67%","4,087,729,388","3,942,920,455","96.37%","96.46%","0.09%","99%","0.21%","8687544.38","292","63,449,532","0.09%","","20","","","","","","","","","","","","","","","","","","","","","","","","","","","","","","","","","","","","","","","","","","","","","","","","","","","","","","","","","","","","","","","","","","","","","","","","","","","","","","","","","","","","","","","","","","","","","","","","","","","","","","","","","","","","","","","","","","","","","","","","","","","","","","","","","","","","","","","","","","","","","","","","","","","","","","","","","",""
"","","","","","","94.18%","","","","","","","","925 - Kalselteng","98.25%","9,388,148,230","9,201,122,336","98.05%","98.01%","-0.04%","101%","0.24%","22733299.98","295","91,728,223","-0.04%","","3","","","","","","","","","","","","","","","","","","","","","","","","","","","","","","","","","","","","","","","","","","","","","","","","","","","","","","","","","","","","","","","","","","","","","","","","","","","","","","","","","","","","","","","","","","","","","","","","","","","","","","","","","","","","","","","","","","","","","","","","","","","","","","","","","","","","","","","","","","","","","","","","","","","","","","","","","",""
"","","","","","","96.81%","","","","","","","","926 - Kalbar","97.55%","7,211,029,191","7,002,263,025","97.35%","97.10%","-0.25%","100%","0.45%","32095950.82","288","104,113,611","-0.25%","","10","","","","","","","","","","","","","","","","","","","","","","","","","","","","","","","","","","","","","","","","","","","","","","","","","","","","","","","","","","","","","","","","","","","","","","","","","","","","","","","","","","","","","","","","","","","","","","","","","","","","","","","","","","","","","","","","","","","","","","","","","","","","","","","","","","","","","","","","","","","","","","","","","","","","","","","","","",""
"","","","","","","96.28%","","","","","","","","927 - Sulbagsel","96.89%","13,022,851,524","12,537,584,695","96.69%","96.27%","-0.42%","99%","0.62%","80256146.6","645","181,167,467","-0.42%","","23","","","","","","","","","","","","","","","","","","","","","","","","","","","","","","","","","","","","","","","","","","","","","","","","","","","","","","","","","","","","","","","","","","","","","","","","","","","","","","","","","","","","","","","","","","","","","","","","","","","","","","","","","","","","","","","","","","","","","","","","","","","","","","","","","","","","","","","","","","","","","","","","","","","","","","","","","",""
"","","","","","","94.22%","","","","","","","","928 - Sulbagteng","95.40%","6,536,075,442","6,214,902,218","95.00%","95.09%","0.09%","98%","0.31%","20513753.67","328","117,318,509","0.09%","","31","","","","","","","","","","","","","","","","","","","","","","","","","","","","","","","","","","","","","","","","","","","","","","","","","","","","","","","","","","","","","","","","","","","","","","","","","","","","","","","","","","","","","","","","","","","","","","","","","","","","","","","","","","","","","","","","","","","","","","","","","","","","","","","","","","","","","","","","","","","","","","","","","","","","","","","","","",""
"","","","","","","93.73%","","","","","","","","929 - Sumalut","96.13%","6,505,429,038","6,201,008,106","95.73%","95.32%","-0.41%","98%","0.81%","52660828.23","412","122,917,216","-0.41%","","29","","","","","","","","","","","","","","","","","","","","","","","","","","","","","","","","","","","","","","","","","","","","","","","","","","","","","","","","","","","","","","","","","","","","","","","","","","","","","","","","","","","","","","","","","","","","","","","","","","","","","","","","","","","","","","","","","","","","","","","","","","","","","","","","","","","","","","","","","","","","","","","","","","","","","","","","","",""
"","","","","","","95.86%","","","","","","","","930 - Papua","95.78%","2,600,610,707","2,495,916,268","95.38%","95.97%","0.59%","99%","-0.19%","-5051332.835","192","57,834,706","0.59%","","27","","","","","","","","","","","","","","","","","","","","","","","","","","","","","","","","","","","","","","","","","","","","","","","","","","","","","","","","","","","","","","","","","","","","","","","","","","","","","","","","","","","","","","","","","","","","","","","","","","","","","","","","","","","","","","","","","","","","","","","","","","","","","","","","","","","","","","","","","","","","","","","","","","","","","","","","","",""
"","","","","","","94.25%","","","","","","","","931 - Papua Barat","95.33%","2,595,463,229","2,471,230,270","94.93%","95.21%","0.28%","98%","0.12%","3024826.206","160","47,849,881","0.28%","","30","","","","","","","","","","","","","","","","","","","","","","","","","","","","","","","","","","","","","","","","","","","","","","","","","","","","","","","","","","","","","","","","","","","","","","","","","","","","","","","","","","","","","","","","","","","","","","","","","","","","","","","","","","","","","","","","","","","","","","","","","","","","","","","","","","","","","","","","","","","","","","","","","","","","","","","","","",""
"","","","","","","94.41%","","","","","","","","GRAND TOTAL","97.08%","347,228,139,713","336,209,913,243","96.89%","96.83%","-0.06%","100%","0.25%","879164790.4","19,830","5,337,667,327","-0.06%","","","","","","","","","","","","","","","","","","","","","","","","","","","","","","","","","","","","","","","","","","","","","","","","","","","","","","","","","","","","","","","","","","","","","","","","","","","","","","","","","","","","","","","","","","","","","","","","","","","","","","","","","","","","","","","","","","","","","","","","","","","","","","","","","","","","","","","","","","","","","","","","","","","","","","","","","","","",""
"","","","","","","","","","","","","","","","","","","","","","","","","","","","","","","","","","","","","","","","","","","","","","","","","","HASIL VISIT RESOURCE HOTD","","","","","","","","","","","","","","","","","","","","","","","","","","","","","","","","","","","","","","","","","","","","","","","","","","","","","","","","","","","","","","","","","","","","","","","","","","","","","","","","","","","","","","","","","","","","","","","","","","","","","","","","","","","","","","","","","","","","","","","","","","","","","","","","","","","","",""
"","","","","","","","","","","","","","","","","","","","","","","","","","","","","","","","","","","","","","","","","","","","","","","","","","Posisi recording terakhir data TREMS : ","","1/8/2025","","","","","","","","","","","","","","","","","","","","","","","","","","","","","","","","","","","","","","","","","","","","","","","","","","","","","","","","","","","","","","","","","","","","","","","","","","","","","","","","","","","","","","","","","","","","","","","","","","","","","","","","","","","","","","","","","","","","","","","","","","","","","","","","","","",""
"","","","","","","","","","","","","","","","","","","","","","","","","","","","","","","","","","","","","","","","","","","","","","","","","","TELDA","","STATUS VISIT","","","","","","","","","","","","","","","","","","","","","","","","","","","","","","","","","","","","","","","","","","","","","","","","","","","","","","","","","","","","","","","","","","","","","","","","","","","","","","","","","","","","","","","","","","","","","","","","","","","","","","","","","","","","","","","","","","","","","","","","","","","","","","","","","","",""
"","","","","","","","","","","","","","","","","","","","","","","","","","","","","","","","","","","","","","","","","","","","","","","","","","91401 - Banjar","sayus.s","Contacted","9","90,000","0","50,000","140,000","","","","","","","","","","","","","","","","","","","","","","","","","","","","","","","","","","","","","","","","","","","","","","","","","","","","","","","","","","","","","","","","","","","","","","","","","","","","","","","","","","","","","","","","","","","","","","","","","","","","","","","","","","","","","","","","","","","","","","","","","","","","","",""
"","","","","","","","","","","","","","","","","","","","","","","","","","","","","","","","","","","","","","","","","","","","","","","","","","","sayus.s Total","","9","90,000","0","50,000","140,000","","","","","","","","","","","","","","","","","","","","","","","","","","","","","","","","","","","","","","","","","","","","","","","","","","","","","","","","","","","","","","","","","","","","","","","","","","","","","","","","","","","","","","","","","","","","","","","","","","","","","","","","","","","","","","","","","","","","","","","","","","","","","",""
"","","","","","","","","","","","","","","","","","","","","","","","","","","","","","","","","","","","","","","","","","","","","","","","","","","yayat","Contacted","5","50,000","0","50,000","100,000","","","","","","","","","","","","","","","","","","","","","","","","","","","","","","","","","","","","","","","","","","","","","","","","","","","","","","","","","","","","","","","","","","","","","","","","","","","","","","","","","","","","","","","","","","","","","","","","","","","","","","","","","","","","","","","","","","","","","","","","","","","","","",""
"","","","","","","","","","","","","","","","","","","","","","","","","","","","","","","","","","","","","","","","","","","","","","","","","","","yayat Total","","5","50,000","0","50,000","100,000","","","","","","","","","","","","","","","","","","","","","","","","","","","","","","","","","","","","","","","","","","","","","","","","","","","","","","","","","","","","","","","","","","","","","","","","","","","","","","","","","","","","","","","","","","","","","","","","","","","","","","","","","","","","","","","","","","","","","","","","","","","","","",""
"","","","","","","","","","","","","","","","","","","","","","","","","","","","","","","","","","","","","","","","","","","","","","","","","","91401 - Banjar Total","","","14","140,000","0","100,000","240,000","","","","","","","","","","","","","","","","","","","","","","","","","","","","","","","","","","","","","","","","","","","","","","","","","","","","","","","","","","","","","","","","","","","","","","","","","","","","","","","","","","","","","","","","","","","","","","","","","","","","","","","","","","","","","","","","","","","","","","","","","","","","","",""
"","","","","","","","","","","","","","","","","","","","","","","","","","","","","","","","","","","","","","","","","","","","","","","","","","91407 - Inner - Priangan Timur","Bambang","Not Contacted","3","15,000","0","0","15,000","","","","","","","","","","","","","","","","","","","","","","","","","","","","","","","","","","","","","","","","","","","","","","","","","","","","","","","","","","","","","","","","","","","","","","","","","","","","","","","","","","","","","","","","","","","","","","","","","","","","","","","","","","","","","","","","","","","","","","","","","","","","","",""
"","","","","","","","","","","","","","","","","","","","","","","","","","","","","","","","","","","","","","","","","","","","","","","","","","","Bambang Total","","3","15,000","0","0","15,000","","","","","","","","","","","","","","","","","","","","","","","","","","","","","","","","","","","","","","","","","","","","","","","","","","","","","","","","","","","","","","","","","","","","","","","","","","","","","","","","","","","","","","","","","","","","","","","","","","","","","","","","","","","","","","","","","","","","","","","","","","","","","",""
"","","","","","","","","","","","","","","","","","","","","","","","","","","","","","","","","","","","","","","","","","","","","","","","","","91407 - Inner - Priangan Timur Total","","","3","15,000","0","0","15,000","","","","","","","","","","","","","","","","","","","","","","","","","","","","","","","","","","","","","","","","","","","","","","","","","","","","","","","","","","","","","","","","","","","","","","","","","","","","","","","","","","","","","","","","","","","","","","","","","","","","","","","","","","","","","","","","","","","","","","","","","","","","","",""
"","","","","","","","","","","","","","","","","","","","","","","","","","","","","","","","","","","","","","","","","","","","","","","","","","91408 - Singaparna","Ida Herlina","Contacted","2","20,000","0","50,000","70,000","","","","","","","","","","","","","","","","","","","","","","","","","","","","","","","","","","","","","","","","","","","","","","","","","","","","","","","","","","","","","","","","","","","","","","","","","","","","","","","","","","","","","","","","","","","","","","","","","","","","","","","","","","","","","","","","","","","","","","","","","","","","","",""
"","","","","","","","","","","","","","","","","","","","","","","","","","","","","","","","","","","","","","","","","","","","","","","","","","","Ida Herlina Total","","2","20,000","0","50,000","70,000","","","","","","","","","","","","","","","","","","","","","","","","","","","","","","","","","","","","","","","","","","","","","","","","","","","","","","","","","","","","","","","","","","","","","","","","","","","","","","","","","","","","","","","","","","","","","","","","","","","","","","","","","","","","","","","","","","","","","","","","","","","","","",""
"","","","","","","","","","","","","","","","","","","","","","","","","","","","","","","","","","","","","","","","","","","","","","","","","","","santi","Contacted","8","80,000","0","200,000","280,000","","","","","","","","","","","","","","","","","","","","","","","","","","","","","","","","","","","","","","","","","","","","","","","","","","","","","","","","","","","","","","","","","","","","","","","","","","","","","","","","","","","","","","","","","","","","","","","","","","","","","","","","","","","","","","","","","","","","","","","","","","","","","",""
"","","","","","","","","","","","","","","","","","","","","","","","","","","","","","","","","","","","","","","","","","","","","","","","","","","","Not Contacted","3","15,000","0","0","15,000","","","","","","","","","","","","","","","","","","","","","","","","","","","","","","","","","","","","","","","","","","","","","","","","","","","","","","","","","","","","","","","","","","","","","","","","","","","","","","","","","","","","","","","","","","","","","","","","","","","","","","","","","","","","","","","","","","","","","","","","","","","","","",""
"","","","","","","","","","","","","","","","","","","","","","","","","","","","","","","","","","","","","","","","","","","","","","","","","","","santi Total","","11","95,000","0","200,000","295,000","","","","","","","","","","","","","","","","","","","","","","","","","","","","","","","","","","","","","","","","","","","","","","","","","","","","","","","","","","","","","","","","","","","","","","","","","","","","","","","","","","","","","","","","","","","","","","","","","","","","","","","","","","","","","","","","","","","","","","","","","","","","","",""
"","","","","","","","","","","","","","","","","","","","","","","","","","","","","","","","","","","","","","","","","","","","","","","","","","91408 - Singaparna Total","","","13","115,000","0","250,000","365,000","","","","","","","","","","","","","","","","","","","","","","","","","","","","","","","","","","","","","","","","","","","","","","","","","","","","","","","","","","","","","","","","","","","","","","","","","","","","","","","","","","","","","","","","","","","","","","","","","","","","","","","","","","","","","","","","","","","","","","","","","","","","","",""
"","","","","","","","","","","","","","","","","","","","","","","","","","","","","","","","","","","","","","","","","","","","","","","","","","Grand Total","","","30","270,000","0","350,000","620,000","","","","","","","","","","","","","","","","","","","","","","","","","","","","","","","","","","","","","","","","","","","","","","","","","","","","","","","","","","","","","","","","","","","","","","","","","","","","","","","","","","","","","","","","","","","","","","","","","","","","","","","","","","","","","","","","","","","","","","","","","","","","","",""